id,title
0,Avatar
1,Pirates of the Caribbean: At World's End
2,Spectre
3,The Dark Knight Rises
4,John Carter
5,Spider-Man 3
6,Tangled
7,Avengers: Age of Ultron
8,Harry Potter and the Half-Blood Prince
9,Batman v Superman: Dawn of Justice
10,Superman Returns
11,Quantum of Solace
12,Pirates of the Caribbean: Dead Man's Chest
13,The Lone Ranger
14,Man of Steel
15,The Chronicles of Narnia: Prince Caspian
16,The Avengers
17,Pirates of the Caribbean: On Stranger Tides
18,Men in Black 3
19,The Hobbit: The Battle of the Five Armies
20,The Amazing Spider-Man
21,Robin Hood
22,The Hobbit: The Desolation of Smaug
23,The Golden Compass
24,King Kong
25,Titanic
26,Captain America: Civil War
27,Battleship
28,Jurassic World
29,Skyfall
30,Spider-Man 2
31,Iron Man 3
32,Alice in Wonderland
33,X-Men: The Last Stand
34,Monsters University
35,Transformers: Revenge of the Fallen
36,Transformers: Age of Extinction
37,Oz: The Great and Powerful
38,The Amazing Spider-Man 2
39,TRON: Legacy
40,Cars 2
41,Green Lantern
42,Toy Story 3
43,Terminator Salvation
44,Furious 7
45,World War Z
46,X-Men: Days of Future Past
47,Star Trek Into Darkness
48,Jack the Giant Slayer
49,The Great Gatsby
50,Prince of Persia: The Sands of Time
51,Pacific Rim
52,Transformers: Dark of the Moon
53,Indiana Jones and the Kingdom of the Crystal Skull
54,The Good Dinosaur
55,Brave
56,Star Trek Beyond
57,WALL·E
58,Rush Hour 3
59,2012
60,A Christmas Carol
61,Jupiter Ascending
62,The Legend of Tarzan
63,"The Chronicles of Narnia: The Lion, the Witch and the Wardrobe"
64,X-Men: Apocalypse
65,The Dark Knight
66,Up
67,Monsters vs Aliens
68,Iron Man
69,Hugo
70,Wild Wild West
71,The Mummy: Tomb of the Dragon Emperor
72,Suicide Squad
73,Evan Almighty
74,Edge of Tomorrow
75,Waterworld
76,G.I. Joe: The Rise of Cobra
77,Inside Out
78,The Jungle Book
79,Iron Man 2
80,Snow White and the Huntsman
81,Maleficent
82,Dawn of the Planet of the Apes
83,The Lovers
84,47 Ronin
85,Captain America: The Winter Soldier
86,Shrek Forever After
87,Tomorrowland
88,Big Hero 6
89,Wreck-It Ralph
90,The Polar Express
91,Independence Day: Resurgence
92,How to Train Your Dragon
93,Terminator 3: Rise of the Machines
94,Guardians of the Galaxy
95,Interstellar
96,Inception
97,Shin Godzilla
98,The Hobbit: An Unexpected Journey
99,The Fast and the Furious
100,The Curious Case of Benjamin Button
101,X-Men: First Class
102,The Hunger Games: Mockingjay - Part 2
103,The Sorcerer's Apprentice
104,Poseidon
105,Alice Through the Looking Glass
106,Shrek the Third
107,Warcraft
108,Terminator Genisys
109,The Chronicles of Narnia: The Voyage of the Dawn Treader
110,Pearl Harbor
111,Transformers
112,Alexander
113,Harry Potter and the Order of the Phoenix
114,Harry Potter and the Goblet of Fire
115,Hancock
116,I Am Legend
117,Charlie and the Chocolate Factory
118,Ratatouille
119,Batman Begins
120,Madagascar: Escape 2 Africa
121,Night at the Museum: Battle of the Smithsonian
122,X-Men Origins: Wolverine
123,The Matrix Revolutions
124,Frozen
125,The Matrix Reloaded
126,Thor: The Dark World
127,Mad Max: Fury Road
128,Angels & Demons
129,Thor
130,Bolt
131,G-Force
132,Wrath of the Titans
133,Dark Shadows
134,Mission: Impossible - Rogue Nation
135,The Wolfman
136,Bee Movie
137,Kung Fu Panda 2
138,The Last Airbender
139,Mission: Impossible III
140,White House Down
141,Mars Needs Moms
142,Flushed Away
143,Pan
144,Mr. Peabody & Sherman
145,Troy
146,Madagascar 3: Europe's Most Wanted
147,Die Another Day
148,Ghostbusters
149,Armageddon
150,Men in Black II
151,Beowulf
152,Kung Fu Panda 3
153,Mission: Impossible - Ghost Protocol
154,Rise of the Guardians
155,Fun with Dick and Jane
156,The Last Samurai
157,Exodus: Gods and Kings
158,Star Trek
159,Spider-Man
160,How to Train Your Dragon 2
161,Gods of Egypt
162,Stealth
163,Watchmen
164,Lethal Weapon 4
165,Hulk
166,G.I. Joe: Retaliation
167,Sahara
168,Final Fantasy: The Spirits Within
169,Captain America: The First Avenger
170,The World Is Not Enough
171,Master and Commander: The Far Side of the World
172,The Twilight Saga: Breaking Dawn - Part 2
173,Happy Feet Two
174,The Incredible Hulk
175,The BFG
176,The Revenant
177,Turbo
178,Rango
179,Penguins of Madagascar
180,The Bourne Ultimatum
181,Kung Fu Panda
182,Ant-Man
183,The Hunger Games: Catching Fire
184,Home
185,War of the Worlds
186,Bad Boys II
187,Puss in Boots
188,Salt
189,Noah
190,The Adventures of Tintin
191,Harry Potter and the Prisoner of Azkaban
192,Australia
193,After Earth
194,Dinosaur
195,Night at the Museum: Secret of the Tomb
196,Megamind
197,Harry Potter and the Philosopher's Stone
198,R.I.P.D.
199,Pirates of the Caribbean: The Curse of the Black Pearl
200,The Hunger Games: Mockingjay - Part 1
201,The Da Vinci Code
202,Rio 2
203,X2
204,Fast Five
205,Sherlock Holmes: A Game of Shadows
206,Clash of the Titans
207,Total Recall
208,The 13th Warrior
209,The Bourne Legacy
210,Batman & Robin
211,How the Grinch Stole Christmas
212,The Day After Tomorrow
213,Mission: Impossible II
214,The Perfect Storm
215,Fantastic 4: Rise of the Silver Surfer
216,Life of Pi
217,Ghost Rider
218,Jason Bourne
219,Charlie's Angels: Full Throttle
220,Prometheus
221,Stuart Little 2
222,Elysium
223,The Chronicles of Riddick
224,RoboCop
225,Speed Racer
226,How Do You Know
227,Knight and Day
228,Oblivion
229,Star Wars: Episode III - Revenge of the Sith
230,Star Wars: Episode II - Attack of the Clones
231,"Monsters, Inc."
232,The Wolverine
233,Star Wars: Episode I - The Phantom Menace
234,The Croods
235,Asterix at the Olympic Games
236,Windtalkers
237,The Huntsman: Winter's War
238,Teenage Mutant Ninja Turtles
239,Gravity
240,Dante's Peak
241,Teenage Mutant Ninja Turtles: Out of the Shadows
242,Fantastic Four
243,Night at the Museum
244,San Andreas
245,Tomorrow Never Dies
246,The Patriot
247,Ocean's Twelve
248,Mr. & Mrs. Smith
249,Insurgent
250,The Aviator
251,Gulliver's Travels
252,The Green Hornet
253,300: Rise of an Empire
254,The Smurfs
255,Home on the Range
256,Allegiant
257,Real Steel
258,The Smurfs 2
259,Speed 2: Cruise Control
260,Ender's Game
261,Live Free or Die Hard
262,The Lord of the Rings: The Fellowship of the Ring
263,Around the World in 80 Days
264,Ali
265,The Cat in the Hat
266,"I, Robot"
267,Kingdom of Heaven
268,Stuart Little
269,The Princess and the Frog
270,The Martian
271,The Island
272,Town & Country
273,Gone in Sixty Seconds
274,Gladiator
275,Minority Report
276,Harry Potter and the Chamber of Secrets
277,Casino Royale
278,Planet of the Apes
279,Terminator 2: Judgment Day
280,Public Enemies
281,American Gangster
282,True Lies
283,The Taking of Pelham 1 2 3
284,Little Fockers
285,The Other Guys
286,Eraser
287,Django Unchained
288,The Hunchback of Notre Dame
289,The Emperor's New Groove
290,The Expendables 2
291,National Treasure
292,Eragon
293,Where the Wild Things Are
294,Epic
295,The Tourist
296,End of Days
297,Blood Diamond
298,The Wolf of Wall Street
299,Batman Forever
300,Starship Troopers
301,Cloud Atlas
302,Legend of the Guardians: The Owls of Ga'Hoole
303,Catwoman
304,Hercules
305,Treasure Planet
306,Land of the Lost
307,The Expendables 3
308,Point Break
309,Son of the Mask
310,In the Heart of the Sea
311,The Adventures of Pluto Nash
312,Green Zone
313,The Peanuts Movie
314,The Spanish Prisoner
315,The Mummy Returns
316,Gangs of New York
317,The Flowers of War
318,Surf's Up
319,The Stepford Wives
320,Black Hawk Down
321,The Campaign
322,The Fifth Element
323,Sex and the City 2
324,The Road to El Dorado
325,Ice Age: Continental Drift
326,Cinderella
327,The Lovely Bones
328,Finding Nemo
329,The Lord of the Rings: The Return of the King
330,The Lord of the Rings: The Two Towers
331,Seventh Son
332,Lara Croft: Tomb Raider
333,Transcendence
334,Jurassic Park III
335,Rise of the Planet of the Apes
336,The Spiderwick Chronicles
337,A Good Day to Die Hard
338,The Alamo
339,The Incredibles
340,Cutthroat Island
341,Percy Jackson & the Olympians: The Lightning Thief
342,Men in Black
343,Toy Story 2
344,Unstoppable
345,Rush Hour 2
346,What Lies Beneath
347,Cloudy with a Chance of Meatballs
348,Ice Age: Dawn of the Dinosaurs
349,The Secret Life of Walter Mitty
350,Charlie's Angels
351,The Departed
352,Mulan
353,Tropic Thunder
354,The Girl with the Dragon Tattoo
355,Die Hard: With a Vengeance
356,Sherlock Holmes
357,Ben-Hur
358,Atlantis: The Lost Empire
359,Alvin and the Chipmunks: The Road Chip
360,Valkyrie
361,You Don't Mess with the Zohan
362,Pixels
363,A.I. Artificial Intelligence
364,The Haunted Mansion
365,Contact
366,Hollow Man
367,The Interpreter
368,Percy Jackson: Sea of Monsters
369,Lara Croft Tomb Raider: The Cradle of Life
370,Now You See Me 2
371,The Saint
372,Spy Game
373,Mission to Mars
374,Rio
375,Bicentennial Man
376,Volcano
377,The Devil's Own
378,K-19: The Widowmaker
379,Conan the Barbarian
380,Cinderella Man
381,The Nutcracker: The Untold Story
382,Seabiscuit
383,Twister
384,Cast Away
385,Happy Feet
386,The Bourne Supremacy
387,Air Force One
388,Ocean's Eleven
389,The Three Musketeers
390,Hotel Transylvania
391,Enchanted
392,Safe House
393,102 Dalmatians
394,Tower Heist
395,The Holiday
396,Enemy of the State
397,It's Complicated
398,Ocean's Thirteen
399,Open Season
400,Divergent
401,Enemy at the Gates
402,The Rundown
403,Last Action Hero
404,Memoirs of a Geisha
405,The Fast and the Furious: Tokyo Drift
406,Arthur Christmas
407,Meet Joe Black
408,Collateral Damage
409,All That Jazz
410,Mirror Mirror
411,Scott Pilgrim vs. the World
412,The Core
413,Nutty Professor II: The Klumps
414,Scooby-Doo
415,Dredd
416,Click
417,Creepshow
418,Cats & Dogs 2 : The Revenge of Kitty Galore
419,Jumper
420,Hellboy II: The Golden Army
421,Zodiac
422,The 6th Day
423,Bruce Almighty
424,The Expendables
425,Mission: Impossible
426,The Hunger Games
427,The Hangover Part II
428,Batman Returns
429,Over the Hedge
430,Lilo & Stitch
431,Charlotte's Web
432,Deep Impact
433,RED 2
434,The Longest Yard
435,Alvin and the Chipmunks: Chipwrecked
436,Grown Ups 2
437,Get Smart
438,Something's Gotta Give
439,Shutter Island
440,Four Christmases
441,Robots
442,Face/Off
443,Bedtime Stories
444,Road to Perdition
445,Just Go with It
446,Con Air
447,Eagle Eye
448,Cold Mountain
449,The Book of Eli
450,Flubber
451,The Haunting
452,Space Jam
453,The Pink Panther
454,The Day the Earth Stood Still
455,Conspiracy Theory
456,Fury
457,Six Days Seven Nights
458,Yogi Bear
459,Spirit: Stallion of the Cimarron
460,Zookeeper
461,Lost in Space
462,The Manchurian Candidate
463,Déjà Vu
464,Hotel Transylvania 2
465,Fantasia 2000
466,The Time Machine
467,Mighty Joe Young
468,Swordfish
469,The Legend of Zorro
470,What Dreams May Come
471,Little Nicky
472,The Brothers Grimm
473,Mars Attacks!
474,Evolution
475,The Edge
476,Surrogates
477,Thirteen Days
478,Daylight
479,Walking With Dinosaurs
480,Battlefield Earth
481,Looney Tunes: Back in Action
482,Nine
483,Timeline
484,The Postman
485,Babe: Pig in the City
486,The Last Witch Hunter
487,Red Planet
488,Arthur and the Invisibles
489,Oceans
490,A Sound of Thunder
491,Pompeii
492,Top Cat Begins
493,A Beautiful Mind
494,The Lion King
495,Journey 2: The Mysterious Island
496,Cloudy with a Chance of Meatballs 2
497,Red Dragon
498,Hidalgo
499,Jack and Jill
500,2 Fast 2 Furious
501,The Little Prince
502,The Invasion
503,The Adventures of Rocky & Bullwinkle
504,The Secret Life of Pets
505,The League of Extraordinary Gentlemen
506,Despicable Me 2
507,Independence Day
508,The Lost World: Jurassic Park
509,Madagascar
510,Children of Men
511,X-Men
512,Wanted
513,The Rock
514,Ice Age: The Meltdown
515,50 First Dates
516,Hairspray
517,Exorcist: The Beginning
518,Inspector Gadget
519,Now You See Me
520,Grown Ups
521,The Terminal
522,Hotel for Dogs
523,Vertical Limit
524,Charlie Wilson's War
525,Shark Tale
526,Dreamgirls
527,Be Cool
528,Munich
529,Tears of the Sun
530,Killers
531,The Man from U.N.C.L.E.
532,Spanglish
533,Monster House
534,Bandits
535,First Knight
536,Anna and the King
537,Immortals
538,Hostage
539,Titan A.E.
540,Hollywood Homicide
541,Soldier
542,Carriers
543,Monkeybone
544,Flight of the Phoenix
545,Unbreakable
546,Minions
547,Sucker Punch
548,Snake Eyes
549,Sphere
550,The Angry Birds Movie
551,Fool's Gold
552,Funny People
553,The Kingdom
554,Talladega Nights: The Ballad of Ricky Bobby
555,Dr. Dolittle 2
556,Braveheart
557,Jarhead
558,The Simpsons Movie
559,The Majestic
560,Driven
561,Two Brothers
562,The Village
563,Doctor Dolittle
564,Signs
565,Shrek 2
566,Cars
567,Runaway Bride
568,xXx
569,The SpongeBob Movie: Sponge Out of Water
570,Ransom
571,Inglourious Basterds
572,Hook
573,Die Hard 2
574,S.W.A.T.
575,Vanilla Sky
576,Lady in the Water
577,AVP: Alien vs. Predator
578,Alvin and the Chipmunks: The Squeakquel
579,We Were Soldiers
580,Olympus Has Fallen
581,Star Trek: Insurrection
582,Battle: Los Angeles
583,Big Fish
584,Wolf
585,War Horse
586,The Monuments Men
587,The Abyss
588,Wall Street: Money Never Sleeps
589,Dracula Untold
590,The Siege
591,Stardust
592,Seven Years in Tibet
593,The Dilemma
594,Bad Company
595,Doom
596,I Spy
597,Underworld: Awakening
598,Rock of Ages
599,Hart's War
600,Killer Elite
601,Rollerball
602,Ballistic: Ecks vs. Sever
603,Hard Rain
604,Osmosis Jones
605,Legends of Oz: Dorothy's Return
606,Blackhat
607,Sky Captain and the World of Tomorrow
608,Basic Instinct 2
609,Escape Plan
610,The Legend of Hercules
611,The Sum of All Fears
612,The Twilight Saga: Eclipse
613,The Score
614,Despicable Me
615,Money Train
616,Ted 2
617,Agora
618,Mystery Men
619,Hall Pass
620,The Insider
621,The Finest Hours
622,Body of Lies
623,Dinner for Schmucks
624,Abraham Lincoln: Vampire Hunter
625,Entrapment
626,The X Files
627,The Last Legion
628,Saving Private Ryan
629,Need for Speed
630,What Women Want
631,Ice Age
632,Dreamcatcher
633,Lincoln
634,The Matrix
635,Apollo 13
636,The Santa Clause 2
637,Les Misérables
638,You've Got Mail
639,Step Brothers
640,The Mask of Zorro
641,Due Date
642,Unbroken
643,Space Cowboys
644,Cliffhanger
645,Broken Arrow
646,The Kid
647,World Trade Center
648,Mona Lisa Smile
649,The Dictator
650,Eyes Wide Shut
651,Annie
652,Focus
653,This Means War
654,Blade: Trinity
655,Red Dawn
656,Primary Colors
657,Resident Evil: Retribution
658,Death Race
659,The Long Kiss Goodnight
660,Proof of Life
661,Zathura: A Space Adventure
662,Fight Club
663,We Are Marshall
664,Hudson Hawk
665,Lucky Numbers
666,"I, Frankenstein"
667,Oliver Twist
668,Elektra
669,Sin City: A Dame to Kill For
670,Random Hearts
671,Everest
672,Perfume: The Story of a Murderer
673,Austin Powers in Goldmember
674,Astro Boy
675,Jurassic Park
676,Wyatt Earp
677,Clear and Present Danger
678,Dragon Blade
679,Little Man
680,U-571
681,The American President
682,The Love Guru
683,3000 Miles to Graceland
684,The Hateful Eight
685,Blades of Glory
686,Hop
687,300
688,Meet the Fockers
689,Marley & Me
690,The Green Mile
691,Wild Hogs
692,Chicken Little
693,Gone Girl
694,The Bourne Identity
695,GoldenEye
696,The General's Daughter
697,The Truman Show
698,The Prince of Egypt
699,Daddy Day Care
700,2 Guns
701,Cats & Dogs
702,The Italian Job
703,Two Weeks Notice
704,Antz
705,Couples Retreat
706,Days of Thunder
707,Cheaper by the Dozen 2
708,Maze Runner: The Scorch Trials
709,Eat Pray Love
710,The Family Man
711,RED
712,Any Given Sunday
713,The Horse Whisperer
714,Collateral
715,The Scorpion King
716,Ladder 49
717,Jack Reacher
718,Deep Blue Sea
719,This Is It
720,Contagion
721,Kangaroo Jack
722,Coraline
723,The Happening
724,Man on Fire
725,The Shaggy Dog
726,Starsky & Hutch
727,Jingle All the Way
728,Hellboy
729,A Civil Action
730,ParaNorman
731,The Jackal
732,Paycheck
733,Up Close & Personal
734,The Tale of Despereaux
735,The Tuxedo
736,Under Siege 2: Dark Territory
737,Jack Ryan: Shadow Recruit
738,Joy
739,London Has Fallen
740,Alien: Resurrection
741,Shooter
742,The Boxtrolls
743,Practical Magic
744,The Lego Movie
745,Miss Congeniality 2: Armed and Fabulous
746,Reign of Fire
747,Gangster Squad
748,Year One
749,Invictus
750,State of Play
751,Duplicity
752,My Favorite Martian
753,The Sentinel
754,Planet 51
755,Star Trek: Nemesis
756,Intolerable Cruelty
757,Trouble with the Curve
758,Edge of Darkness
759,The Relic
760,Analyze That
761,Righteous Kill
762,Mercury Rising
763,The Soloist
764,The Legend of Bagger Vance
765,Almost Famous
766,Garfield: A Tail of Two Kitties
767,xXx: State of the Union
768,Priest
769,Sinbad: Legend of the Seven Seas
770,Event Horizon
771,Dragonfly
772,The Black Dahlia
773,Flyboys
774,The Last Castle
775,Supernova
776,Winter's Tale
777,The Mortal Instruments: City of Bones
778,Meet Dave
779,Dark Water
780,Edtv
781,Inkheart
782,The Spirit
783,Mortdecai
784,In the Name of the King: A Dungeon Siege Tale
785,Beyond Borders
786,The Monkey King 2
787,The Great Raid
788,Deadpool
789,Holy Man
790,American Sniper
791,Goosebumps
792,Just Like Heaven
793,The Flintstones in Viva Rock Vegas
794,Rambo III
795,Leatherheads
796,The Ridiculous 6
797,Did You Hear About the Morgans?
798,The Internship
799,Resident Evil: Afterlife
800,Red Tails
801,The Devil's Advocate
802,That's My Boy
803,DragonHeart
804,After the Sunset
805,Ghost Rider: Spirit of Vengeance
806,Captain Corelli's Mandolin
807,The Pacifier
808,Walking Tall
809,Forrest Gump
810,Alvin and the Chipmunks
811,Meet the Parents
812,Pocahontas
813,Superman
814,The Nutty Professor
815,Hitch
816,George of the Jungle
817,American Wedding
818,Captain Phillips
819,Date Night
820,Casper
821,The Equalizer
822,Maid in Manhattan
823,Crimson Tide
824,The Pursuit of Happyness
825,Flightplan
826,Disclosure
827,City of Angels
828,Kill Bill: Vol. 1
829,Bowfinger
830,Kill Bill: Vol. 2
831,Tango & Cash
832,Death Becomes Her
833,Shanghai Noon
834,Executive Decision
835,Mr. Popper's Penguins
836,The Forbidden Kingdom
837,Free Birds
838,Alien³
839,Evita
840,Ronin
841,The Ghost and the Darkness
842,Paddington
843,The Watch
844,The Hunted
845,Instinct
846,Stuck on You
847,Semi-Pro
848,The Pirates! In an Adventure with Scientists!
849,Changeling
850,Chain Reaction
851,The Fan
852,The Phantom of the Opera
853,Elizabeth: The Golden Age
854,Æon Flux
855,Gods and Generals
856,Turbulence
857,Imagine That
858,Muppets Most Wanted
859,Thunderbirds
860,Burlesque
861,A Very Long Engagement
862,Lolita
863,D-Tox
864,Blade II
865,Seven Pounds
866,Bullet to the Head
867,The Godfather: Part III
868,Elizabethtown
869,"You, Me and Dupree"
870,Superman II
871,Gigli
872,All the King's Men
873,Shaft
874,Anastasia
875,Moulin Rouge!
876,Domestic Disturbance
877,Black Mass
878,Flags of Our Fathers
879,Law Abiding Citizen
880,Grindhouse
881,Beloved
882,Lucky You
883,Catch Me If You Can
884,Zero Dark Thirty
885,The Break-Up
886,Mamma Mia!
887,Valentine's Day
888,The Dukes of Hazzard
889,The Thin Red Line
890,The Change-Up
891,Man on the Moon
892,Casino
893,From Paris with Love
894,Bulletproof Monk
895,"Me, Myself & Irene"
896,Barnyard
897,Deck the Halls
898,The Twilight Saga: New Moon
899,Shrek
900,The Adjustment Bureau
901,Robin Hood: Prince of Thieves
902,Jerry Maguire
903,Ted
904,As Good as It Gets
905,Patch Adams
906,Anchorman 2: The Legend Continues
907,Mr. Deeds
908,Super 8
909,Erin Brockovich
910,How to Lose a Guy in 10 Days
911,22 Jump Street
912,Interview with the Vampire
913,Yes Man
914,Central Intelligence
915,Stepmom
916,Daddy's Home
917,Into the Woods
918,Inside Man
919,Payback
920,Congo
921,We Bought a Zoo
922,Knowing
923,Failure to Launch
924,The Ring Two
925,"Crazy, Stupid, Love."
926,Garfield
927,Christmas with the Kranks
928,Moneyball
929,Outbreak
930,Non-Stop
931,Race to Witch Mountain
932,V for Vendetta
933,Shanghai Knights
934,Curious George
935,Herbie Fully Loaded
936,Don't Say a Word
937,Hansel & Gretel: Witch Hunters
938,Unfaithful
939,I Am Number Four
940,Syriana
941,13 Hours: The Secret Soldiers of Benghazi
942,The Book of Life
943,Firewall
944,Absolute Power
945,G.I. Jane
946,The Game
947,Silent Hill
948,The Replacements
949,American Reunion
950,The Negotiator
951,Into the Storm
952,Beverly Hills Cop III
953,Gremlins 2: The New Batch
954,The Judge
955,The Peacemaker
956,Resident Evil: Apocalypse
957,Bridget Jones: The Edge of Reason
958,Out of Time
959,On Deadly Ground
960,The Adventures of Sharkboy and Lavagirl
961,The Beach
962,Raising Helen
963,Ninja Assassin
964,For Love of the Game
965,Striptease
966,Marmaduke
967,Hereafter
968,Murder by Numbers
969,Assassins
970,Hannibal Rising
971,The Story of Us
972,The Host
973,The Host
974,Basic
975,Blood Work
976,The International
977,Escape from L.A.
978,The Iron Giant
979,The Life Aquatic with Steve Zissou
980,Free State of Jones
981,The Life of David Gale
982,Man of the House
983,Run All Night
984,Eastern Promises
985,Into the Blue
986,The Messenger: The Story of Joan of Arc
987,Your Highness
988,Dream House
989,Mad City
990,Baby's Day Out
991,The Scarlet Letter
992,Fair Game
993,Domino
994,Jade
995,Gamer
996,Beautiful Creatures
997,Death to Smoochy
998,Zoolander 2
999,The Big Bounce
1000,What Planet Are You From?
1001,Drive Angry
1002,Street Fighter: The Legend of Chun-Li
1003,The One
1004,The Adventures of Ford Fairlane
1005,The Boat That Rocked
1006,Traffic
1007,Indiana Jones and the Last Crusade
1008,Anna Karenina
1009,Chappie
1010,The Bone Collector
1011,Panic Room
1012,The Tooth Fairy
1013,Three Kings
1014,Child 44
1015,Rat Race
1016,K-PAX
1017,Kate & Leopold
1018,Bedazzled
1019,The Cotton Club
1020,3:10 to Yuma
1021,Taken 3
1022,Out of Sight
1023,The Cable Guy
1024,Earth
1025,Dick Tracy
1026,The Thomas Crown Affair
1027,Riding in Cars with Boys
1028,First Blood
1029,Solaris
1030,Happily N'Ever After
1031,Mary Reilly
1032,My Best Friend's Wedding
1033,America's Sweethearts
1034,Insomnia
1035,Star Trek: First Contact
1036,Jonah Hex
1037,Courage Under Fire
1038,Liar Liar
1039,The Infiltrator
1040,Inchon
1041,The Flintstones
1042,Taken 2
1043,Scary Movie 3
1044,Miss Congeniality
1045,Journey to the Center of the Earth
1046,The Princess Diaries 2: Royal Engagement
1047,The Pelican Brief
1048,The Client
1049,The Bucket List
1050,Patriot Games
1051,Monster-in-Law
1052,Prisoners
1053,Training Day
1054,Galaxy Quest
1055,Scary Movie 2
1056,The Muppets
1057,Blade
1058,Coach Carter
1059,Changing Lanes
1060,Anaconda
1061,Coyote Ugly
1062,Love Actually
1063,A Bug's Life
1064,From Hell
1065,The Specialist
1066,Tin Cup
1067,"Yours, Mine and Ours"
1068,Kicking & Screaming
1069,The Hitchhiker's Guide to the Galaxy
1070,Fat Albert
1071,Resident Evil: Extinction
1072,Blended
1073,Last Holiday
1074,The River Wild
1075,The Indian in the Cupboard
1076,Savages
1077,Cellular
1078,Johnny English
1079,The Ant Bully
1080,Dune
1081,Across the Universe
1082,Revolutionary Road
1083,16 Blocks
1084,Babylon A.D.
1085,The Glimmer Man
1086,Multiplicity
1087,Aliens in the Attic
1088,The Pledge
1089,The Producers
1090,The Phantom
1091,All the Pretty Horses
1092,Nixon
1093,The Ghost Writer
1094,Deep Rising
1095,Miracle at St. Anna
1096,Curse of the Golden Flower
1097,Bangkok Dangerous
1098,Big Trouble
1099,Love in the Time of Cholera
1100,Shadow Conspiracy
1101,Johnny English Reborn
1102,Foodfight!
1103,Argo
1104,The Fugitive
1105,The Bounty Hunter
1106,Sleepers
1107,Rambo: First Blood Part II
1108,The Juror
1109,Pinocchio
1110,Heaven's Gate
1111,Underworld: Evolution
1112,Victor Frankenstein
1113,Finding Forrester
1114,28 Days
1115,Unleashed
1116,The Sweetest Thing
1117,The Firm
1118,Charlie St. Cloud
1119,The Mechanic
1120,21 Jump Street
1121,Notting Hill
1122,Chicken Run
1123,Along Came Polly
1124,Boomerang
1125,The Heat
1126,Cleopatra
1127,Here Comes the Boom
1128,High Crimes
1129,The Mirror Has Two Faces
1130,The Mothman Prophecies
1131,Brüno
1132,Licence to Kill
1133,Red Riding Hood
1134,15 Minutes
1135,Super Mario Bros.
1136,Lord of War
1137,Hero
1138,One for the Money
1139,The Interview
1140,The Warrior's Way
1141,Micmacs
1142,8 Mile
1143,Why I Did (Not) Eat My Father
1144,A Knight's Tale
1145,The Medallion
1146,The Sixth Sense
1147,Man on a Ledge
1148,The Big Year
1149,The Karate Kid
1150,American Hustle
1151,The Proposal
1152,Double Jeopardy
1153,Back to the Future Part II
1154,Lucy
1155,Fifty Shades of Grey
1156,Spy Kids 3-D: Game Over
1157,A Time to Kill
1158,Cheaper by the Dozen
1159,Lone Survivor
1160,A League of Their Own
1161,The Conjuring 2
1162,The Social Network
1163,He's Just Not That Into You
1164,Scary Movie 4
1165,Scream 3
1166,Back to the Future Part III
1167,Get Hard
1168,Dracula
1169,Julie & Julia
1170,42
1171,The Talented Mr. Ripley
1172,Dumb and Dumber To
1173,Eight Below
1174,The Intern
1175,Ride Along 2
1176,The Last of the Mohicans
1177,Ray
1178,Sin City
1179,Vantage Point
1180,"I Love You, Man"
1181,Shallow Hal
1182,JFK
1183,Big Momma's House 2
1184,The Mexican
1185,17 Again
1186,The Other Woman
1187,The Final Destination
1188,Bridge of Spies
1189,Behind Enemy Lines
1190,Get Him to the Greek
1191,Shall We Dance?
1192,Small Soldiers
1193,Spawn
1194,The Count of Monte Cristo
1195,The Lincoln Lawyer
1196,Unknown
1197,The Prestige
1198,Horrible Bosses 2
1199,Escape from Planet Earth
1200,Apocalypto
1201,The Living Daylights
1202,Predators
1203,Legal Eagles
1204,Secret Window
1205,The Lake House
1206,The Skeleton Key
1207,The Odd Life of Timothy Green
1208,Made of Honor
1209,Jersey Boys
1210,The Rainmaker
1211,Gothika
1212,Amistad
1213,Medicine Man
1214,Aliens vs Predator: Requiem
1215,Ri¢hie Ri¢h
1216,Autumn in New York
1217,Music and Lyrics
1218,Paul
1219,The Guilt Trip
1220,Scream 4
1221,8MM
1222,The Doors
1223,Sex Tape
1224,Hanging Up
1225,Final Destination 5
1226,Mickey Blue Eyes
1227,Pay It Forward
1228,Fever Pitch
1229,Drillbit Taylor
1230,A Million Ways to Die in the West
1231,The Shadow
1232,Extremely Loud & Incredibly Close
1233,Morning Glory
1234,Get Rich or Die Tryin'
1235,The Art of War
1236,Rent
1237,Bless the Child
1238,The Out-of-Towners
1239,The Island of Dr. Moreau
1240,The Musketeer
1241,The Other Boleyn Girl
1242,Sweet November
1243,The Reaping
1244,Mean Streets
1245,Renaissance Man
1246,Colombiana
1247,Quest for Camelot
1248,City By The Sea
1249,At First Sight
1250,Torque
1251,City Hall
1252,Showgirls
1253,Marie Antoinette
1254,Kiss of Death
1255,Get Carter
1256,The Impossible
1257,Ishtar
1258,Fantastic Mr. Fox
1259,Life or Something Like It
1260,Memoirs of an Invisible Man
1261,Amélie
1262,New York Minute
1263,Alfie
1264,Big Miracle
1265,The Deep End of the Ocean
1266,FearDotCom
1267,Cirque du Freak: The Vampire's Assistant
1268,Duplex
1269,Soul Men
1270,Raise the Titanic
1271,Universal Soldier: The Return
1272,Pandorum
1273,Impostor
1274,Extreme Ops
1275,Just Visiting
1276,Sunshine
1277,A Thousand Words
1278,Delgo
1279,The Gunman
1280,Stormbreaker
1281,Disturbia
1282,Hackers
1283,The Hunting Party
1284,The Hudsucker Proxy
1285,The Warlords
1286,Nomad: The Warrior
1287,Snowpiercer
1288,A Monster in Paris
1289,The Last Shot
1290,The Crow
1291,Baahubali: The Beginning
1292,The Time Traveler's Wife
1293,Because I Said So
1294,Frankenweenie
1295,Serenity
1296,Against the Ropes
1297,Superman III
1298,Grudge Match
1299,Red Cliff
1300,Sweet Home Alabama
1301,The Ugly Truth
1302,Sgt. Bilko
1303,Spy Kids 2: The Island of Lost Dreams
1304,Star Trek: Generations
1305,The Grandmaster
1306,Water for Elephants
1307,Dragon Nest: Warriors' Dawn
1308,The Hurricane
1309,Enough
1310,Heartbreakers
1311,Paul Blart: Mall Cop 2
1312,Angel Eyes
1313,Joe Somebody
1314,The Ninth Gate
1315,Extreme Measures
1316,Rock Star
1317,Precious
1318,White Squall
1319,The Thing
1320,Riddick
1321,Switchback
1322,Texas Rangers
1323,City of Ember
1324,The Master
1325,Virgin Territory
1326,The Express
1327,The 5th Wave
1328,Creed
1329,The Town
1330,What to Expect When You're Expecting
1331,Burn After Reading
1332,Nim's Island
1333,Rush
1334,Magnolia
1335,Cop Out
1336,How to Be Single
1337,Dolphin Tale
1338,Twilight
1339,John Q
1340,Blue Streak
1341,We're the Millers
1342,The Inhabited Island
1343,Breakdown
1344,Never Say Never Again
1345,Hot Tub Time Machine
1346,Dolphin Tale 2
1347,Reindeer Games
1348,A Man Apart
1349,Aloha
1350,Ghosts of Mississippi
1351,Snow Falling on Cedars
1352,The Rite
1353,Gattaca
1354,Isn't She Great
1355,Space Chimps
1356,Head of State
1357,The Hangover
1358,Ip Man 3
1359,Austin Powers: The Spy Who Shagged Me
1360,Batman
1361,Batman
1362,There Be Dragons
1363,Lethal Weapon 3
1364,The Blind Side
1365,Spy Kids
1366,Horrible Bosses
1367,True Grit
1368,The Devil Wears Prada
1369,Star Trek: The Motion Picture
1370,Identity Thief
1371,Cape Fear
1372,21
1373,Trainwreck
1374,Guess Who
1375,The English Patient
1376,L.A. Confidential
1377,Sky High
1378,In & Out
1379,Species
1380,A Nightmare on Elm Street
1381,The Cell
1382,The Man in the Iron Mask
1383,Secretariat
1384,TMNT
1385,Radio
1386,Friends with Benefits
1387,Neighbors 2: Sorority Rising
1388,Saving Mr. Banks
1389,Malcolm X
1390,This Is 40
1391,Old Dogs
1392,Underworld: Rise of the Lycans
1393,License to Wed
1394,The Benchwarmers
1395,Must Love Dogs
1396,Donnie Brasco
1397,Resident Evil
1398,Poltergeist
1399,The Ladykillers
1400,Max Payne
1401,In Time
1402,The Back-Up Plan
1403,Something Borrowed
1404,Black Knight
1405,The Bad News Bears
1406,Street Fighter
1407,The Pianist
1408,The Nativity Story
1409,House of Wax
1410,Closer
1411,J. Edgar
1412,Mirrors
1413,Queen of the Damned
1414,Predator 2
1415,Untraceable
1416,Blast from the Past
1417,Flash Gordon
1418,Jersey Girl
1419,Alex Cross
1420,Midnight in the Garden of Good and Evil
1421,Heist
1422,Nanny McPhee and the Big Bang
1423,Hoffa
1424,The X Files: I Want to Believe
1425,Ella Enchanted
1426,Concussion
1427,Abduction
1428,Valiant
1429,Wonder Boys
1430,Superhero Movie
1431,Broken City
1432,Cursed
1433,Premium Rush
1434,Hot Pursuit
1435,The Four Feathers
1436,Parker
1437,Wimbledon
1438,Furry Vengeance
1439,Bait
1440,Krull
1441,Lions for Lambs
1442,Flight of the Intruder
1443,Walk Hard: The Dewey Cox Story
1444,The Shipping News
1445,American Outlaws
1446,The Young Victoria
1447,Whiteout
1448,The Tree of Life
1449,Knock Off
1450,Sabotage
1451,The Order
1452,Punisher: War Zone
1453,Zoom
1454,The Walk
1455,Warriors of Virtue
1456,A Good Year
1457,Radio Flyer
1458,Bound by Honor
1459,Smilla's Sense of Snow
1460,Femme Fatale
1461,Lion of the Desert
1462,The Horseman on the Roof
1463,Ride with the Devil
1464,Biutiful
1465,Bandidas
1466,Black Water Transit
1467,The Maze Runner
1468,Unfinished Business
1469,The Age of Innocence
1470,The Fountain
1471,Chill Factor
1472,Stolen
1473,Ponyo
1474,The Longest Ride
1475,The Astronaut's Wife
1476,I Dreamed of Africa
1477,Playing for Keeps
1478,Mandela: Long Walk to Freedom
1479,Reds
1480,A Few Good Men
1481,Exit Wounds
1482,Big Momma's House
1483,Thunder and the House of Magic
1484,The Darkest Hour
1485,Step Up Revolution
1486,Snakes on a Plane
1487,The Watcher
1488,The Punisher
1489,Goal!: The Dream Begins
1490,Safe
1491,Pushing Tin
1492,Return of the Jedi
1493,Doomsday
1494,The Reader
1495,Wanderlust
1496,Elf
1497,Phenomenon
1498,Snow Dogs
1499,Scrooged
1500,Nacho Libre
1501,Bridesmaids
1502,This Is the End
1503,Stigmata
1504,Men of Honor
1505,Takers
1506,The Big Wedding
1507,"Big Mommas: Like Father, Like Son"
1508,Source Code
1509,Alive
1510,The Number 23
1511,The Young and Prodigious T.S. Spivet
1512,1941
1513,Dreamer: Inspired By a True Story
1514,A History of Violence
1515,Transporter 2
1516,The Quick and the Dead
1517,Laws of Attraction
1518,Bringing Out the Dead
1519,Repo Men
1520,Dragon Wars: D-War
1521,Bogus
1522,The Incredible Burt Wonderstone
1523,Cats Don't Dance
1524,Cradle Will Rock
1525,The Good German
1526,George and the Dragon
1527,Apocalypse Now
1528,Going the Distance
1529,Mr. Holland's Opus
1530,Criminal
1531,Out of Africa
1532,Flight
1533,Moonraker
1534,The Grand Budapest Hotel
1535,Hearts in Atlantis
1536,Arachnophobia
1537,Frequency
1538,Vacation
1539,Get Shorty
1540,Chicago
1541,Big Daddy
1542,American Pie 2
1543,Toy Story
1544,Speed
1545,The Vow
1546,Extraordinary Measures
1547,Remember the Titans
1548,The Hunt for Red October
1549,The Butler
1550,DodgeBall: A True Underdog Story
1551,The Addams Family
1552,Ace Ventura: When Nature Calls
1553,The Princess Diaries
1554,The First Wives Club
1555,Se7en
1556,District 9
1557,The SpongeBob SquarePants Movie
1558,Mystic River
1559,Million Dollar Baby
1560,Analyze This
1561,The Notebook
1562,27 Dresses
1563,Hannah Montana: The Movie
1564,Rugrats in Paris: The Movie
1565,The Prince of Tides
1566,Legends of the Fall
1567,Up in the Air
1568,About Schmidt
1569,Warm Bodies
1570,Looper
1571,Down to Earth
1572,Babe
1573,Hope Springs
1574,Forgetting Sarah Marshall
1575,Four Brothers
1576,Baby Mama
1577,Hope Floats
1578,Bride Wars
1579,Without a Paddle
1580,13 Going on 30
1581,Midnight in Paris
1582,The Nut Job
1583,Blow
1584,Message in a Bottle
1585,Star Trek V: The Final Frontier
1586,Like Mike
1587,The Naked Gun 33⅓: The Final Insult
1588,A View to a Kill
1589,The Curse of the Were-Rabbit
1590,P.S. I Love You
1591,Racing Stripes
1592,Atonement
1593,Letters to Juliet
1594,Black Rain
1595,The Three Stooges
1596,Corpse Bride
1597,Glory Road
1598,Sicario
1599,Southpaw
1600,Drag Me to Hell
1601,The Age of Adaline
1602,Secondhand Lions
1603,Step Up 3D
1604,Blue Crush
1605,Stranger Than Fiction
1606,30 Days of Night
1607,The Cabin in the Woods
1608,Meet the Spartans
1609,Midnight Run
1610,The Running Man
1611,Little Shop of Horrors
1612,Hanna
1613,Mortal Kombat: Annihilation
1614,Larry Crowne
1615,Carrie
1616,Take the Lead
1617,Gridiron Gang
1618,What's the Worst That Could Happen?
1619,9
1620,Side Effects
1621,The Prince & Me
1622,Winnie the Pooh
1623,Dumb and Dumberer: When Harry Met Lloyd
1624,Bulworth
1625,Get on Up
1626,One True Thing
1627,Virtuosity
1628,My Super Ex-Girlfriend
1629,Deliver Us from Evil
1630,Sanctum
1631,Little Black Book
1632,The Five-Year Engagement
1633,Mr. 3000
1634,The Next Three Days
1635,Ultraviolet
1636,Assault on Precinct 13
1637,The Replacement Killers
1638,Fled
1639,Eight Legged Freaks
1640,Love & Other Drugs
1641,88 Minutes
1642,North Country
1643,The Whole Ten Yards
1644,Splice
1645,Howard the Duck
1646,Pride and Glory
1647,The Cave
1648,Alex & Emma
1649,Wicker Park
1650,Fright Night
1651,The New World
1652,Wing Commander
1653,In Dreams
1654,Dragonball Evolution
1655,The Last Stand
1656,Godsend
1657,Chasing Liberty
1658,Hoodwinked Too! Hood VS. Evil
1659,An Unfinished Life
1660,The Imaginarium of Doctor Parnassus
1661,Barney's Version
1662,Runner Runner
1663,Antitrust
1664,Glory
1665,Once Upon a Time in America
1666,Dead Man Down
1667,The Merchant of Venice
1668,The Good Thief
1669,Supercross
1670,Miss Potter
1671,The Promise
1672,DOA: Dead or Alive
1673,The Assassination of Jesse James by the Coward Robert Ford
1674,1911
1675,Little Nicholas
1676,Wild Card
1677,Machine Gun Preacher
1678,Animals United
1679,Goodbye Bafana
1680,United Passions
1681,Grace of Monaco
1682,Savva. Heart of the Warrior
1683,Ripley's Game
1684,Sausage Party
1685,Pitch Perfect 2
1686,Walk the Line
1687,Keeping the Faith
1688,The Borrowers
1689,Frost/Nixon
1690,Confessions of a Dangerous Mind
1691,Serving Sara
1692,The Boss
1693,Cry Freedom
1694,Mumford
1695,Seed of Chucky
1696,The Jacket
1697,Aladdin
1698,Straight Outta Compton
1699,Indiana Jones and the Temple of Doom
1700,The Rugrats Movie
1701,Along Came a Spider
1702,Florence Foster Jenkins
1703,Once Upon a Time in Mexico
1704,Die Hard
1705,Role Models
1706,The Big Short
1707,Taking Woodstock
1708,Miracle
1709,Dawn of the Dead
1710,The Wedding Planner
1711,Space Pirate Captain Harlock
1712,The Royal Tenenbaums
1713,Identity
1714,Last Vegas
1715,For Your Eyes Only
1716,Serendipity
1717,Timecop
1718,Zoolander
1719,Safe Haven
1720,Hocus Pocus
1721,No Reservations
1722,Kick-Ass
1723,30 Minutes or Less
1724,Dracula 2000
1725,"Alexander and the Terrible, Horrible, No Good, Very Bad Day"
1726,Pride & Prejudice
1727,Blade Runner
1728,Rob Roy
1729,3 Days to Kill
1730,We Own the Night
1731,Lost Souls
1732,Winged Migration
1733,Just My Luck
1734,"Mystery, Alaska"
1735,The Spy Next Door
1736,A Simple Wish
1737,Ghosts of Mars
1738,Our Brand Is Crisis
1739,Pride and Prejudice and Zombies
1740,Kundun
1741,How to Lose Friends & Alienate People
1742,Kick-Ass 2
1743,Alatriste
1744,Brick Mansions
1745,Octopussy
1746,Knocked Up
1747,My Sister's Keeper
1748,Welcome Home Roscoe Jenkins
1749,A Passage to India
1750,Notes on a Scandal
1751,Rendition
1752,Star Trek VI: The Undiscovered Country
1753,Divine Secrets of the Ya-Ya Sisterhood
1754,Kiss the Girls
1755,The Blues Brothers
1756,The Sisterhood of the Traveling Pants 2
1757,Joyful Noise
1758,About a Boy
1759,Lake Placid
1760,Lucky Number Slevin
1761,The Right Stuff
1762,Anonymous
1763,The NeverEnding Story
1764,Dark City
1765,The Duchess
1766,Return to Oz
1767,The Newton Boys
1768,Case 39
1769,Suspect Zero
1770,Martian Child
1771,Spy Kids: All the Time in the World
1772,Money Monster
1773,The 51st State
1774,Flawless
1775,Mindhunters
1776,What Just Happened
1777,The Statement
1778,The Magic Flute
1779,Paul Blart: Mall Cop
1780,Freaky Friday
1781,The 40 Year Old Virgin
1782,Shakespeare in Love
1783,A Walk Among the Tombstones
1784,Kindergarten Cop
1785,Pineapple Express
1786,Ever After: A Cinderella Story
1787,Open Range
1788,Flatliners
1789,A Bridge Too Far
1790,Red Eye
1791,Final Destination 2
1792,"O Brother, Where Art Thou?"
1793,Legion
1794,Pain & Gain
1795,In Good Company
1796,Clockstoppers
1797,Silverado
1798,Brothers
1799,Agent Cody Banks 2: Destination London
1800,New Year's Eve
1801,Original Sin
1802,The Raven
1803,Welcome to Mooseport
1804,Highlander: The Final Dimension
1805,Blood and Wine
1806,Snow White: A Tale of Terror
1807,The Curse of the Jade Scorpion
1808,Accidental Love
1809,Flipper
1810,Self/less
1811,The Constant Gardener
1812,The Passion of the Christ
1813,Mrs. Doubtfire
1814,Rain Man
1815,Gran Torino
1816,W.
1817,Taken
1818,The Best of Me
1819,The Bodyguard
1820,Schindler's List
1821,The Help
1822,The Fifth Estate
1823,Scooby-Doo 2: Monsters Unleashed
1824,Forbidden Kingdom
1825,Freddy vs. Jason
1826,The Face of an Angel
1827,Jimmy Neutron: Boy Genius
1828,Cloverfield
1829,Teenage Mutant Ninja Turtles II: The Secret of the Ooze
1830,The Untouchables
1831,No Country for Old Men
1832,Ride Along
1833,Bridget Jones's Diary
1834,Chocolat
1835,"Legally Blonde 2: Red, White & Blonde"
1836,Parental Guidance
1837,No Strings Attached
1838,Tombstone
1839,Romeo Must Die
1840,The Omen
1841,Final Destination 3
1842,The Lucky One
1843,Bridge to Terabithia
1844,Finding Neverland
1845,A Madea Christmas
1846,The Grey
1847,Hide and Seek
1848,Anchorman: The Legend of Ron Burgundy
1849,GoodFellas
1850,Agent Cody Banks
1851,Nanny McPhee
1852,Scarface
1853,Nothing to Lose
1854,The Last Emperor
1855,Contraband
1856,Money Talks
1857,There Will Be Blood
1858,The Wild Thornberrys Movie
1859,Rugrats Go Wild
1860,Undercover Brother
1861,The Sisterhood of the Traveling Pants
1862,Kiss of the Dragon
1863,The House Bunny
1864,Beauty Shop
1865,Million Dollar Arm
1866,The Giver
1867,What a Girl Wants
1868,Jeepers Creepers 2
1869,Good Luck Chuck
1870,Cradle 2 the Grave
1871,The Hours
1872,She's the Man
1873,Mr. Bean's Holiday
1874,Anacondas: The Hunt for the Blood Orchid
1875,Blood Ties
1876,August Rush
1877,Elizabeth
1878,Bride of Chucky
1879,Tora! Tora! Tora!
1880,Spice World
1881,The Sitter
1882,Dance Flick
1883,The Shawshank Redemption
1884,Crocodile Dundee in Los Angeles
1885,Kingpin
1886,The Gambler
1887,August: Osage County
1888,Ice Princess
1889,A Lot Like Love
1890,Eddie the Eagle
1891,He Got Game
1892,Don Juan DeMarco
1893,Dear John
1894,The Losers
1895,Don't Be Afraid of the Dark
1896,War
1897,Punch-Drunk Love
1898,EuroTrip
1899,Half Past Dead
1900,Unaccompanied Minors
1901,"Bright Lights, Big City"
1902,The Adventures of Pinocchio
1903,The Greatest Game Ever Played
1904,The Box
1905,The Ruins
1906,The Next Best Thing
1907,My Soul to Take
1908,The Girl Next Door
1909,Maximum Risk
1910,Stealing Harvard
1911,Legend
1912,Hot Rod
1913,Shark Night
1914,Angela's Ashes
1915,Draft Day
1916,Lifeforce
1917,The Conspirator
1918,Lords of Dogtown
1919,The 33
1920,Big Trouble in Little China
1921,Fly Me to the Moon
1922,Warrior
1923,Michael Collins
1924,Gettysburg
1925,Stop-Loss
1926,Abandon
1927,Brokedown Palace
1928,The Possession
1929,Mrs. Winterbourne
1930,Straw Dogs
1931,The Hoax
1932,Stone Cold
1933,The Road
1934,Sheena
1935,Underclassman
1936,Say It Isn't So
1937,The World's Fastest Indian
1938,Tank Girl
1939,King's Ransom
1940,Blindness
1941,BloodRayne
1942,Carnage
1943,Where the Truth Lies
1944,Cirque du Soleil: Worlds Away
1945,Without Limits
1946,Me and Orson Welles
1947,The Best Offer
1948,The Bad Lieutenant: Port of Call - New Orleans
1949,A Turtle's Tale: Sammy's Adventures
1950,Little White Lies
1951,Love Ranch
1952,The True Story of Puss 'n Boots
1953,Space Dogs
1954,The Counselor
1955,Ironclad
1956,Waterloo
1957,Kung Fu Jungle
1958,Red Sky
1959,Dangerous Liaisons
1960,On the Road
1961,Star Trek IV: The Voyage Home
1962,Rocky Balboa
1963,Scream 2
1964,Jane Got a Gun
1965,Think Like a Man Too
1966,The Whole Nine Yards
1967,Footloose
1968,Old School
1969,The Fisher King
1970,I Still Know What You Did Last Summer
1971,Return to Me
1972,Zack and Miri Make a Porno
1973,Nurse Betty
1974,The Men Who Stare at Goats
1975,Double Take
1976,"Girl, Interrupted"
1977,Win a Date with Tad Hamilton!
1978,Muppets from Space
1979,The Wiz
1980,Ready to Rumble
1981,Play It to the Bone
1982,I Don't Know How She Does It
1983,Piranha 3D
1984,Beyond the Sea
1985,Meet the Deedles
1986,The Thief and the Cobbler
1987,The Bridge of San Luis Rey
1988,Faster
1989,Howl's Moving Castle
1990,Zombieland
1991,The Waterboy
1992,The Empire Strikes Back
1993,Bad Boys
1994,The Naked Gun 2½: The Smell of Fear
1995,Final Destination
1996,The Ides of March
1997,Pitch Black
1998,Someone Like You...
1999,Her
2000,Joy Ride
2001,The Adventurer: The Curse of the Midas Box
2002,Anywhere But Here
2003,The Crew
2004,Haywire
2005,Jaws: The Revenge
2006,Marvin's Room
2007,The Longshots
2008,The End of the Affair
2009,Harley Davidson and the Marlboro Man
2010,In the Valley of Elah
2011,Coco Before Chanel
2012,Forsaken
2013,Cheri
2014,Vanity Fair
2015,Bodyguards and Assassins
2016,1408
2017,Spaceballs
2018,The Water Diviner
2019,Ghost
2020,There's Something About Mary
2021,The Santa Clause
2022,The Rookie
2023,The Game Plan
2024,The Bridges of Madison County
2025,The Animal
2026,Gandhi
2027,The Hundred-Foot Journey
2028,The Net
2029,I Am Sam
2030,Son of God
2031,Underworld
2032,Derailed
2033,The Informant!
2034,Shadowlands
2035,Deuce Bigalow: European Gigolo
2036,Delivery Man
2037,Our Kind of Traitor
2038,Saving Silverman
2039,Diary of a Wimpy Kid: Dog Days
2040,Summer of Sam
2041,Jay and Silent Bob Strike Back
2042,The Glass House
2043,"Hail, Caesar!"
2044,Josie and the Pussycats
2045,Homefront
2046,The Little Vampire
2047,I Heart Huckabees
2048,RoboCop 3
2049,Megiddo: The Omega Code 2
2050,Darling Lili
2051,Dudley Do-Right
2052,The Transporter Refueled
2053,The Libertine
2054,Black Book
2055,Joyeux Noël
2056,Hit & Run
2057,Mad Money
2058,Before I Go to Sleep
2059,Sorcerer
2060,Stone
2061,Moliere
2062,Out of the Furnace
2063,Michael Clayton
2064,My Fellow Americans
2065,Arlington Road
2066,Underdogs
2067,To Rome with Love
2068,Firefox
2069,"South Park: Bigger, Longer & Uncut"
2070,Death at a Funeral
2071,Teenage Mutant Ninja Turtles III
2072,Hardball
2073,Silver Linings Playbook
2074,Freedom Writers
2075,For Colored Girls
2076,The Transporter
2077,Never Back Down
2078,The Rage: Carrie 2
2079,Away We Go
2080,Swing Vote
2081,Moonlight Mile
2082,Tinker Tailor Soldier Spy
2083,Molly
2084,The Beaver
2085,The Best Little Whorehouse in Texas
2086,eXistenZ
2087,Raiders of the Lost Ark
2088,Home Alone 2: Lost in New York
2089,Close Encounters of the Third Kind
2090,Pulse
2091,Beverly Hills Cop II
2092,Bringing Down the House
2093,The Silence of the Lambs
2094,Wayne's World
2095,Jackass 3D
2096,Jaws 2
2097,Beverly Hills Chihuahua
2098,The Conjuring
2099,Are We There Yet?
2100,Tammy
2101,School of Rock
2102,Mortal Kombat
2103,White Chicks
2104,The Descendants
2105,Holes
2106,The Last Song
2107,12 Years a Slave
2108,Drumline
2109,Why Did I Get Married Too?
2110,Edward Scissorhands
2111,Me Before You
2112,Madea's Witness Protection
2113,The French Connection
2114,Bad Moms
2115,Date Movie
2116,Return to Never Land
2117,Selma
2118,The Jungle Book 2
2119,Boogeyman
2120,Premonition
2121,The Tigger Movie
2122,Orphan
2123,Max
2124,Epic Movie
2125,Spotlight
2126,Lakeview Terrace
2127,The Grudge 2
2128,How Stella Got Her Groove Back
2129,Bill & Ted's Bogus Journey
2130,Man of the Year
2131,The Black Hole
2132,The American
2133,Selena
2134,Vampires Suck
2135,Babel
2136,This Is Where I Leave You
2137,Doubt
2138,Team America: World Police
2139,Texas Chainsaw 3D
2140,Copycat
2141,Scary Movie 5
2142,Paint Your Wagon
2143,Milk
2144,Risen
2145,Ghost Ship
2146,A Very Harold & Kumar Christmas
2147,Wild Things
2148,The Stepfather
2149,The Debt
2150,High Fidelity
2151,One Missed Call
2152,Eye for an Eye
2153,The Bank Job
2154,Eternal Sunshine of the Spotless Mind
2155,You Again
2156,Street Kings
2157,The World's End
2158,Nancy Drew
2159,Daybreakers
2160,She's Out of My League
2161,Monte Carlo
2162,Stay Alive
2163,Quigley Down Under
2164,Alpha and Omega
2165,The Covenant
2166,Stick It
2167,Shorts
2168,To Die For
2169,Nerve
2170,Appaloosa
2171,Vampires
2172,Psycho
2173,My Best Friend's Girl
2174,Endless Love
2175,Georgia Rule
2176,Under the Rainbow
2177,Ladyhawke
2178,Simon Birch
2179,Reign Over Me
2180,Into the Wild
2181,School for Scoundrels
2182,Silent Hill: Revelation 3D
2183,From Dusk Till Dawn
2184,Pooh's Heffalump Movie
2185,Home for the Holidays
2186,Kung Fu Hustle
2187,The Country Bears
2188,The Kite Runner
2189,21 Grams
2190,Paparazzi
2191,A Guy Thing
2192,Loser
2193,Capitalism: A Love Story
2194,The Greatest Story Ever Told
2195,Secret in Their Eyes
2196,Disaster Movie
2197,Armored
2198,The Man Who Knew Too Little
2199,What's Your Number?
2200,Lockout
2201,Envy
2202,Crank: High Voltage
2203,Bullets Over Broadway
2204,One Night with the King
2205,The Quiet American
2206,The Weather Man
2207,Undisputed
2208,Ghost Town
2209,12 Rounds
2210,Let Me In
2211,3 Ninjas Kick Back
2212,Be Kind Rewind
2213,Mrs Henderson Presents
2214,Triple 9
2215,Deconstructing Harry
2216,Three to Tango
2217,Burnt
2218,We're No Angels
2219,Everyone Says I Love You
2220,Death Sentence
2221,Everybody's Fine
2222,Superbabies: Baby Geniuses 2
2223,The Man
2224,Code Name: The Cleaner
2225,Connie and Carla
2226,Sweet Charity
2227,Inherent Vice
2228,Doogal
2229,Battle of the Year
2230,An American Carol
2231,Machete Kills
2232,Willard
2233,Strange Wilderness
2234,Topsy-Turvy
2235,Little Boy
2236,A Dangerous Method
2237,A Scanner Darkly
2238,Chasing Mavericks
2239,Alone in the Dark
2240,Bandslam
2241,Birth
2242,A Most Violent Year
2243,Passchendaele
2244,Flash of Genius
2245,I'm Not There.
2246,The Cold Light of Day
2247,The Brothers Bloom
2248,"Synecdoche, New York"
2249,Princess Mononoke
2250,Bon voyage
2251,Can't Stop the Music
2252,The Proposition
2253,My All American
2254,Marci X
2255,Equilibrium
2256,The Children of Huang Shi
2257,The Yards
2258,The Oogieloves in the Big Balloon Adventure
2259,By the Sea
2260,Steamboy
2261,The Game of Their Lives
2262,All Good Things
2263,Rapa Nui
2264,CJ7
2265,The Visitors II: The Corridors of Time
2266,Dylan Dog: Dead of Night
2267,People I Know
2268,The Tempest
2269,Regression
2270,Three Kingdoms: Resurrection of the Dragon
2271,Butterfly on a Wheel
2272,Zambezia
2273,Ramanujan
2274,Dwegons
2275,Hands of Stone
2276,Survivor
2277,The Frozen Ground
2278,The Painted Veil
2279,The Baader Meinhof Complex
2280,Dances with Wolves
2281,Bad Teacher
2282,Sea of Love
2283,A Cinderella Story
2284,Scream
2285,Thir13en Ghosts
2286,The Shining
2287,Back to the Future
2288,House on Haunted Hill
2289,I Can Do Bad All By Myself
2290,Fight Valley
2291,The Switch
2292,Just Married
2293,The Devil's Double
2294,Thomas and the Magic Railroad
2295,The Crazies
2296,Spirited Away
2297,Firestorm
2298,The Bounty
2299,The Book Thief
2300,Sex Drive
2301,Leap Year
2302,The Fall of the Roman Empire
2303,Take Me Home Tonight
2304,Won't Back Down
2305,The Nutcracker
2306,Kansas City
2307,Indignation
2308,The Amityville Horror
2309,Adaptation.
2310,Land of the Dead
2311,Out of Inferno
2312,Fear and Loathing in Las Vegas
2313,The Invention of Lying
2314,Neighbors
2315,The Mask
2316,Big
2317,Borat: Cultural Learnings of America for Make Benefit Glorious Nation of Kazakhstan
2318,Legally Blonde
2319,Star Trek III: The Search for Spock
2320,The Exorcism of Emily Rose
2321,Deuce Bigalow: Male Gigolo
2322,Left Behind
2323,The Family Stone
2324,Barbershop 2:  Back in Business
2325,Bad Santa
2326,Austin Powers: International Man of Mystery
2327,My Big Fat Greek Wedding 2
2328,Diary of a Wimpy Kid: Rodrick Rules
2329,Predator
2330,Amadeus
2331,Prom Night
2332,Mean Girls
2333,Under the Tuscan Sun
2334,Gosford Park
2335,Peggy Sue Got Married
2336,Birdman
2337,Blue Jasmine
2338,United 93
2339,Honey
2340,Spy Hard
2341,The Fog
2342,Soul Surfer
2343,Catch-22
2344,Observe and Report
2345,Conan the Destroyer
2346,Raging Bull
2347,Love Happens
2348,Young Sherlock Holmes
2349,Fame
2350,127 Hours
2351,Small Time Crooks
2352,Center Stage
2353,Love the Coopers
2354,Catch That Kid
2355,Life as a House
2356,Steve Jobs
2357,"I Love You, Beth Cooper"
2358,Youth in Revolt
2359,The Legend of the Lone Ranger
2360,The Tailor of Panama
2361,Blow Out
2362,Getaway
2363,The Ice Storm
2364,And So It Goes
2365,Troop Beverly Hills
2366,Being Julia
2367,Nine 1/2 Weeks
2368,Dragonslayer
2369,The Last Station
2370,Ed Wood
2371,Labor Day
2372,Mongol: The Rise of Genghis Khan
2373,RockNRolla
2374,Megaforce
2375,Hamlet
2376,Mao's Last Dancer
2377,Midnight Special
2378,Anything Else
2379,The Railway Man
2380,The White Ribbon
2381,Restoration
2382,The Wraith
2383,Salton Sea
2384,Metallica: Through the Never
2385,The Informers
2386,Carlos
2387,I Come with the Rain
2388,One Man's Hero
2389,Day of the Dead
2390,I Am Wrath
2391,Renaissance
2392,Red Sonja
2393,Red Lights
2394,Superbad
2395,Madea Goes to Jail
2396,Wolves
2397,Step Up 2: The Streets
2398,Hoodwinked!
2399,Hotel Rwanda
2400,Hitman
2401,Black Nativity
2402,The Prince
2403,City of Ghosts
2404,The Others
2405,Aliens
2406,My Fair Lady
2407,I Know What You Did Last Summer
2408,Let's Be Cops
2409,Sideways
2410,Beerfest
2411,Halloween
2412,Good Boy!
2413,The Best Man Holiday
2414,Smokin' Aces
2415,Saw: The Final Chapter
2416,40 Days and 40 Nights
2417,A Night at the Roxbury
2418,Beastly
2419,The Hills Have Eyes
2420,Dickie Roberts: Former Child Star
2421,"McFarland, USA"
2422,Lottery Ticket
2423,ATL
2424,Pitch Perfect
2425,Summer Catch
2426,A Simple Plan
2427,They
2428,Larry the Cable Guy: Health Inspector
2429,The Adventures of Elmo in Grouchland
2430,Brooklyn's Finest
2431,55 Days at Peking
2432,Evil Dead
2433,My Life in Ruins
2434,American Dreamz
2435,Superman IV: The Quest for Peace
2436,How She Move
2437,Running Scared
2438,Bobby Jones: Stroke of Genius
2439,Shanghai Surprise
2440,The Illusionist
2441,Roar
2442,Veronica Guerin
2443,Escobar: Paradise Lost
2444,Southland Tales
2445,Dragon Hunters
2446,Damnation Alley
2447,The Apparition
2448,My Girl
2449,Fur: An Imaginary Portrait of Diane Arbus
2450,Wall Street
2451,Sense and Sensibility
2452,Becoming Jane
2453,Sydney White
2454,House of Sand and Fog
2455,Dead Poets Society
2456,Dumb and Dumber
2457,When Harry Met Sally...
2458,The Verdict
2459,Road Trip
2460,Varsity Blues
2461,The Artist
2462,The Unborn
2463,Moonrise Kingdom
2464,The Texas Chainsaw Massacre: The Beginning
2465,The Young Messiah
2466,The Master of Disguise
2467,Pan's Labyrinth
2468,See Spot Run
2469,Baby Boy
2470,The Roommate
2471,Joe Dirt
2472,Double Impact
2473,Hot Fuzz
2474,The Women
2475,Vicky Cristina Barcelona
2476,Arn: The Knight Templar
2477,Boys and Girls
2478,White Oleander
2479,Jennifer's Body
2480,Drowning Mona
2481,Radio Days
2482,Remember Me
2483,How to Deal
2484,My Stepmother is an Alien
2485,Philadelphia
2486,The Thirteenth Floor
2487,The Cookout
2488,Meteor
2489,Duets
2490,Hollywood Ending
2491,Detroit Rock City
2492,Highlander
2493,Things We Lost in the Fire
2494,Steel
2495,The Immigrant
2496,The White Countess
2497,Trance
2498,Soul Plane
2499,Welcome to the Sticks
2500,Good
2501,Enter the Void
2502,Vamps
2503,Hachi: A Dog's Tale
2504,Zulu
2505,The Homesman
2506,Juwanna Mann
2507,Ararat
2508,Madison
2509,Slow Burn
2510,Wasabi
2511,Slither
2512,Beverly Hills Cop
2513,Home Alone
2514,Three Men and a Baby
2515,Tootsie
2516,Top Gun
2517,"Crouching Tiger, Hidden Dragon"
2518,American Beauty
2519,The King's Speech
2520,Twins
2521,The Yellow Handkerchief
2522,The Color Purple
2523,Tidal Wave
2524,The Imitation Game
2525,Private Benjamin
2526,Coal Miner's Daughter
2527,Diary of a Wimpy Kid
2528,Mama
2529,National Lampoon's Vacation
2530,Bad Grandpa
2531,The Queen
2532,Beetlejuice
2533,Why Did I Get Married?
2534,Little Women
2535,The Woman in Black
2536,When a Stranger Calls
2537,Big Fat Liar
2538,The Deer Hunter
2539,Wag the Dog
2540,The Lizzie McGuire Movie
2541,Snitch
2542,Krampus
2543,The Faculty
2544,What's Love Got to Do with It
2545,Cop Land
2546,Not Another Teen Movie
2547,End of Watch
2548,The Skulls
2549,The Theory of Everything
2550,Malibu's Most Wanted
2551,Where the Heart Is
2552,Lawrence of Arabia
2553,Halloween II
2554,Wild
2555,The Last House on the Left
2556,The Wedding Date
2557,Halloween: Resurrection
2558,The Princess Bride
2559,The Great Debaters
2560,Drive
2561,Confessions of a Teenage Drama Queen
2562,The Object of My Affection
2563,28 Weeks Later
2564,When the Game Stands Tall
2565,Because of Winn-Dixie
2566,Love & Basketball
2567,Grosse Pointe Blank
2568,All About Steve
2569,Book of Shadows: Blair Witch 2
2570,The Craft
2571,Match Point
2572,Ramona and Beezus
2573,The Remains of the Day
2574,Boogie Nights
2575,Nowhere to Run
2576,Flicka
2577,The Hills Have Eyes 2
2578,Urban Legends: Final Cut
2579,Tuck Everlasting
2580,The Marine
2581,Keanu
2582,Country Strong
2583,Disturbing Behavior
2584,The Place Beyond the Pines
2585,The November Man
2586,Eye of the Beholder
2587,The Hurt Locker
2588,Firestarter
2589,Killing Them Softly
2590,A Most Wanted Man
2591,Freddy Got Fingered
2592,VeggieTales: The Pirates Who Don't Do Anything
2593,U2 3D
2594,Highlander: Endgame
2595,Idlewild
2596,One Day
2597,Whip It
2598,Knockaround Guys
2599,Confidence
2600,The Muse
2601,De-Lovely
2602,New York Stories
2603,Barney's Great Adventure
2604,The Man with the Iron Fists
2605,Home Fries
2606,Here On Earth
2607,Brazil
2608,Raise Your Voice
2609,The Big Lebowski
2610,Black Snake Moan
2611,Dark Blue
2612,A Mighty Heart
2613,Whatever It Takes
2614,Boat Trip
2615,The Importance of Being Earnest
2616,The Love Letter
2617,Hoot
2618,In Bruges
2619,Peeples
2620,The Rocker
2621,Post Grad
2622,Promised Land
2623,Whatever Works
2624,The In Crowd
2625,The Three Burials of Melquiades Estrada
2626,Jakob the Liar
2627,Kiss Kiss Bang Bang
2628,Idle Hands
2629,Mulholland Drive
2630,Blood and Chocolate
2631,You Will Meet a Tall Dark Stranger
2632,Never Let Me Go
2633,The Company
2634,Transsiberian
2635,The Clan of the Cave Bear
2636,Crazy in Alabama
2637,Funny Games
2638,Listening
2639,Felicia's Journey
2640,Metropolis
2641,District B13
2642,Things to Do in Denver When You're Dead
2643,The Assassin
2644,Buffalo Soldiers
2645,The Return
2646,Ong Bak 2
2647,Centurion
2648,Silent Trigger
2649,The Midnight Meat Train
2650,Winnie Mandela
2651,The Son of No One
2652,All The Queen's Men
2653,The Good Night
2654,Bathory: Countess of Blood
2655,Khumba
2656,Automata
2657,Dungeons & Dragons: Wrath of the Dragon God
2659,Shinjuku Incident
2660,Pandaemonium
2661,Groundhog Day
2662,Magic Mike XXL
2663,Romeo + Juliet
2664,Sarah's Key
2665,Freedom
2666,Unforgiven
2667,Manderlay
2668,Slumdog Millionaire
2669,Fatal Attraction
2670,Pretty Woman
2671,Crocodile Dundee II
2672,Broken Horses
2673,Born on the Fourth of July
2674,Cool Runnings
2675,My Bloody Valentine
2676,Stomp the Yard
2677,The Spy Who Loved Me
2678,Urban Legend
2679,Good Deeds
2680,White Fang
2681,Superstar
2682,The Iron Lady
2683,Jonah: A VeggieTales Movie
2684,Poetic Justice
2685,All About the Benjamins
2686,Vampire in Brooklyn
2687,Exorcist II: The Heretic
2688,An American Haunting
2689,My Boss's Daughter
2690,A Perfect Getaway
2691,Our Family Wedding
2692,Dead Man on Campus
2693,Tea with Mussolini
2694,Thinner
2695,"New York, New York"
2696,Crooklyn
2697,I Think I Love My Wife
2698,Jason X
2699,Bobby
2700,Head Over Heels
2701,Fun Size
2702,The Diving Bell and the Butterfly
2703,Little Children
2704,Gossip
2705,A Walk on the Moon
2706,Catch a Fire
2707,Soul Survivors
2708,Jefferson in Paris
2709,Easy Virtue
2710,Caravans
2711,Mr. Turner
2712,Wild Grass
2713,Amen.
2714,Reign of Assassins
2715,The Lucky Ones
2716,Margaret
2717,Stan Helsing
2718,Flipped
2719,Brokeback Mountain
2720,Clueless
2721,Far from Heaven
2722,Hot Tub Time Machine 2
2723,Quills
2724,Seven Psychopaths
2725,The Caveman's Valentine
2726,Downfall
2727,The Sea Inside
2728,Under the Skin
2729,"Good Morning, Vietnam"
2730,The Last Godfather
2731,Justin Bieber: Never Say Never
2732,Black Swan
2733,The Godfather: Part II
2734,Save the Last Dance
2735,A Nightmare on Elm Street 4: The Dream Master
2736,Miracles from Heaven
2737,"Dude, Where’s My Car?"
2738,Young Guns
2739,St. Vincent
2740,About Last Night
2741,10 Things I Hate About You
2742,The New Guy
2743,National Lampoon's Loaded Weapon 1
2744,The Shallows
2745,The Butterfly Effect
2746,Snow Day
2747,This Christmas
2748,Baby Geniuses
2749,The Big Hit
2750,Harriet the Spy
2751,Child's Play 2
2752,No Good Deed
2753,The Mist
2754,Ex Machina
2755,Being John Malkovich
2756,Two Can Play That Game
2757,Earth to Echo
2758,Crazy/Beautiful
2759,Letters from Iwo Jima
2760,The Astronaut Farmer
2761,Woo
2762,Room
2763,Dirty Work
2764,Serial Mom
2765,Dick
2766,Light It Up
2767,54
2768,Bubble Boy
2769,Birthday Girl
2770,21 & Over
2771,"Paris, je t'aime"
2772,Resurrecting the Champ
2773,Admission
2774,The Widow of Saint-Pierre
2775,Chloe
2776,Faithful
2777,Find Me Guilty
2778,The Perks of Being a Wallflower
2779,Excessive Force
2780,Infamous
2781,The Claim
2782,The Vatican Tapes
2783,Attack the Block
2784,In the Land of Blood and Honey
2785,The Call
2786,Operation Chromite
2787,The Crocodile Hunter: Collision Course
2788,I Love You Phillip Morris
2789,Quest for Fire
2790,Antwone Fisher
2791,The Emperor's Club
2792,True Romance
2793,Womb
2794,Glengarry Glen Ross
2795,The Killer Inside Me
2796,Cat People
2797,Sorority Row
2798,The Prisoner of Zenda
2799,Lars and the Real Girl
2800,The Boy in the Striped Pyjamas
2801,Dancer in the Dark
2802,Oscar and Lucinda
2803,The Funeral
2804,Solitary Man
2805,Machete
2806,Casino Jack
2807,The Land Before Time
2808,Tae Guk Gi: The Brotherhood of War
2809,The Perfect Game
2810,The Exorcist
2811,Jaws
2812,American Pie
2813,Ernest & Celestine
2814,The Golden Child
2815,Think Like a Man
2816,Barbershop
2817,Star Trek II: The Wrath of Khan
2818,Ace Ventura: Pet Detective
2819,WarGames
2820,Witness
2821,Act of Valor
2822,Step Up
2823,Beavis and Butt-Head Do America
2824,Jackie Brown
2825,Harold & Kumar Escape from Guantanamo Bay
2826,Chronicle
2827,Yentl
2828,Time Bandits
2829,Crossroads
2830,Project X
2831,Patton
2832,One Hour Photo
2833,Quarantine
2834,The Eye
2835,Johnson Family Vacation
2836,How High
2837,The Muppet Christmas Carol
2838,Frida
2839,Katy Perry: Part of Me
2840,The Fault in Our Stars
2841,Rounders
2842,Top Five
2843,Prophecy
2844,Stir of Echoes
2845,Philomena
2846,The Upside of Anger
2847,The Boys from Brazil
2848,Aquamarine
2849,Paper Towns
2850,My Baby's Daddy
2851,Nebraska
2852,Tales from the Crypt: Demon Knight
2853,Max Keeble's Big Move
2854,Young Adult
2855,Crank
2856,Def Jam's How to Be a Player
2857,Living Out Loud
2858,Just Wright
2859,Rachel Getting Married
2860,The Postman Always Rings Twice
2861,Girl with a Pearl Earring
2862,Das Boot
2863,Sorority Boys
2864,About Time
2865,House of Flying Daggers
2866,Arbitrage
2867,Project Almanac
2868,Cadillac Records
2869,Screwed
2870,Fortress
2871,For Your Consideration
2872,Celebrity
2873,Running with Scissors
2874,From Justin to Kelly
2875,Girl 6
2876,In the Cut
2877,Two Lovers
2878,Last Orders
2879,The Host
2880,The Host
2881,The Pursuit of D.B. Cooper
2882,Ravenous
2883,Charlie Bartlett
2884,The Great Beauty
2885,The Dangerous Lives of Altar Boys
2886,Stoker
2887,2046
2888,Married Life
2889,Duma
2890,Ondine
2891,Brother
2892,Welcome to Collinwood
2893,Critical Care
2894,The Life Before Her Eyes
2895,Darling Companion
2896,Trade
2897,Fateless
2898,Breakfast of Champions
2899,"A Woman, a Gun and a Noodle Shop"
2900,Cypher
2901,City of Life and Death
2902,Legend of a Rabbit
2903,Space Battleship Yamato
2904,5 Days of War
2905,Triangle
2906,10 Days in a Madhouse
2907,Heaven is for Real
2908,Snatch
2909,Dancin' It's On
2910,Pet Sematary
2911,Madadayo
2912,The Cry of the Owl
2913,A Tale of Three Cities
2914,Gremlins
2915,Star Wars
2916,Dirty Grandpa
2917,Doctor Zhivago
2918,Trash
2919,High School Musical 3: Senior Year
2920,The Fighter
2921,Jackass Number Two
2922,My Cousin Vinny
2923,If I Stay
2924,Drive Hard
2925,Major League
2926,St. Trinian's
2927,Phone Booth
2928,A Walk to Remember
2929,Dead Man Walking
2930,Cruel Intentions
2931,Saw VI
2932,History of the World: Part I
2933,The Secret Life of Bees
2934,Corky Romano
2935,Raising Cain
2936,F.I.S.T.
2937,Invaders from Mars
2938,Brooklyn
2939,Barry Lyndon
2940,Out Cold
2941,The Ladies Man
2942,Quartet
2943,Tomcats
2944,Frailty
2945,Woman in Gold
2946,Kinsey
2947,Army of Darkness
2948,Slackers
2949,What's Eating Gilbert Grape
2950,The Visual Bible: The Gospel of John
2951,Vera Drake
2952,The Guru
2953,The Perez Family
2954,Inside Llewyn Davis
2955,O
2956,Return to the Blue Lagoon
2957,The Molly Maguires
2958,Romance & Cigarettes
2959,Copying Beethoven
2960,Brighton Rock
2961,Saw V
2962,Machine Gun McCain
2963,LOL
2964,Jindabyne
2965,Kabhi Alvida Naa Kehna
2966,An Ideal Husband
2967,The Last Days on Mars
2968,Darkness
2969,2001: A Space Odyssey
2970,E.T. the Extra-Terrestrial
2971,In the Land of Women
2972,The Blue Butterfly
2973,There Goes My Baby
2974,Housefull
2975,September Dawn
2976,For Greater Glory - The True Story of Cristiada
2977,The Bélier Family
2978,Good Will Hunting
2979,Misconduct
2980,Saw III
2981,Stripes
2982,Bring It On
2983,The Purge: Election Year
2984,She's All That
2985,Saw IV
2986,White Noise
2987,Madea's Family Reunion
2988,The Color of Money
2989,The Longest Day
2990,The Mighty Ducks
2991,The Grudge
2992,Happy Gilmore
2993,Jeepers Creepers
2994,Bill & Ted's Excellent Adventure
2995,Oliver!
2996,The Best Exotic Marigold Hotel
2997,Recess: School's Out
2998,Mad Max Beyond Thunderdome
2999,Commando
3000,The Boy
3001,Devil
3002,Friday After Next
3003,Insidious: Chapter 3
3004,The Last Dragon
3005,The Lawnmower Man
3006,Nick and Norah's Infinite Playlist
3007,Dogma
3008,The Banger Sisters
3009,Twilight Zone: The Movie
3010,Road House
3011,A Low Down Dirty Shame
3012,Swimfan
3013,Employee of the Month
3014,Can't Hardly Wait
3015,The Outsiders
3016,Pete's Dragon
3017,The Dead Zone
3018,Sinister 2
3019,Sparkle
3020,Valentine
3021,The Fourth Kind
3022,A Prairie Home Companion
3023,Sugar Hill
3024,Invasion U.S.A.
3025,Roll Bounce
3026,Rushmore
3027,Skyline
3028,The Second Best Exotic Marigold Hotel
3029,Kit Kittredge: An American Girl
3030,The Perfect Man
3031,Mo' Better Blues
3032,Kung Pow: Enter the Fist
3033,Tremors
3034,Wrong Turn
3035,The Long Riders
3036,The Corruptor
3037,Mud
3038,Reno 911!: Miami
3039,One Direction: This Is Us
3040,"The Goods: Live Hard, Sell Hard"
3041,Hey Arnold! The Movie
3042,My Week with Marilyn
3043,The Matador
3044,Love Jones
3045,The Gift
3046,End of the Spear
3047,Get Over It
3048,Office Space
3049,Drop Dead Gorgeous
3050,Big Eyes
3051,Very Bad Things
3052,Sleepover
3053,Body Double
3054,MacGruber
3055,Dirty Pretty Things
3056,Movie 43
3057,Over Her Dead Body
3058,Seeking a Friend for the End of the World
3059,Cedar Rapids
3060,American History X
3061,The Collection
3062,Teacher's Pet
3063,The Red Violin
3064,The Straight Story
3065,Deuces Wild
3066,Bad Words
3067,"Run, Fatboy, Run"
3068,Heartbeeps
3069,Black or White
3070,On the Line
3071,Rescue Dawn
3072,Danny Collins
3073,"Jeff, Who Lives at Home"
3074,I Am Love
3075,Atlas Shrugged Part II
3076,Romeo Is Bleeding
3077,The Limey
3078,Crash
3079,The House of Mirth
3080,Malone
3081,Peaceful Warrior
3082,Bucky Larson: Born to Be a Star
3083,Bamboozled
3084,The Forest
3085,Sphinx
3086,While We're Young
3087,A Better Life
3088,Spider
3089,Gun Shy
3090,Nicholas Nickleby
3091,The Iceman
3092,Krrish
3093,Cecil B. Demented
3094,Killer Joe
3095,The Joneses
3096,Owning Mahowny
3097,The Brothers Solomon
3098,My Blueberry Nights
3099,Illuminata
3100,Swept Away
3101,"War, Inc."
3102,Shaolin Soccer
3103,The Brown Bunny
3104,The Swindle
3105,Rosewater
3106,The Chambermaid on the Titanic
3107,Coriolanus
3108,Imaginary Heroes
3109,High Heels and Low Lifes
3110,World's Greatest Dad
3111,Severance
3112,Edmond
3113,Welcome to the Rileys
3114,Police Academy: Mission to Moscow
3115,Blood Done Sign My Name
3116,Cinco de Mayo: La Batalla
3117,Elsa & Fred
3118,"An Alan Smithee Film: Burn, Hollywood, Burn"
3119,The Open Road
3120,The Good Guy
3121,Motherhood
3122,Free Style
3123,Strangerland
3124,Janky Promoters
3125,Blonde Ambition
3126,The Oxford Murders
3127,The Reef
3128,Eulogy
3129,White Noise 2: The Light
3130,Beat the World
3131,Fifty Dead Men Walking
3132,Jungle Shuffle
3133,Adam Resurrected
3134,Of Horses and Men
3135,It's a Wonderful Afterlife
3136,The Devil's Tomb
3137,Partition
3138,Good Intentions
3139,"The Good, The Bad, The Weird"
3140,Nurse 3-D
3141,Gunless
3142,Adventureland
3143,The Lost City
3144,Next Friday
3145,American Heist
3146,You Only Live Twice
3147,Plastic
3148,Amour
3149,Poltergeist III
3150,Re-Kill
3151,"It's a Mad, Mad, Mad, Mad World"
3152,Volver
3153,Heavy Metal
3154,Gentlemen Broncos
3155,Richard III
3156,Into the Grizzly Maze
3157,Kites
3158,Melancholia
3159,Red Dog
3160,Jab Tak Hai Jaan
3161,Alien
3162,The Texas Chain Saw Massacre
3163,The Runaways
3164,Fiddler on the Roof
3165,Thunderball
3166,Detention
3167,Loose Cannons
3168,Set It Off
3169,The Best Man
3170,Child's Play
3171,Sicko
3172,The Purge: Anarchy
3173,Down to You
3174,Harold & Kumar Go to White Castle
3175,The Contender
3176,Boiler Room
3177,Trading Places
3178,Black Christmas
3179,Breakin' All the Rules
3180,Henry V
3181,The Savages
3182,Chasing Papi
3183,The Way of the Gun
3184,Igby Goes Down
3185,PCU
3186,The Ultimate Gift
3187,The Ice Pirates
3188,Gracie
3189,Trust the Man
3190,Hamlet 2
3191,Velvet Goldmine
3192,The Wailing
3193,Glee: The Concert Movie
3194,The Legend of Suriyothai
3195,Two Evil Eyes
3196,Barbecue
3197,All or Nothing
3198,Princess Kaiulani
3199,Opal Dream
3200,Flame & Citron
3201,Undiscovered
3202,Red Riding: In the Year of Our Lord 1974
3203,The Girl on the Train
3204,Veronika Decides to Die
3205,Crocodile Dundee
3206,"Ultramarines: A Warhammer 40,000 Movie"
3207,The I Inside
3208,Beneath Hill 60
3209,Polisse
3210,Awake
3211,Star Wars: Clone Wars: Volume 1
3212,Skin Trade
3213,The Lost Boys
3214,Crazy Heart
3215,The Rose
3216,Baggage Claim
3217,Barbarella
3218,Shipwrecked
3219,Election
3220,The Namesake
3221,The DUFF
3222,Glitter
3223,The Haunting in Connecticut 2: Ghosts of Georgia
3224,Silmido
3225,Bright Star
3226,My Name Is Khan
3227,All Is Lost
3228,Limbo
3229,Namastey London
3230,The Wind That Shakes the Barley
3231,Yeh Jawaani Hai Deewani
3232,Quo Vadis
3233,Repo! The Genetic Opera
3234,Valley of the Wolves: Iraq
3235,Pulp Fiction
3236,The Muppet Movie
3237,Nightcrawler
3238,Club Dread
3239,The Sound of Music
3240,Splash
3241,Little Miss Sunshine
3242,Stand by Me
3243,28 Days Later
3244,You Got Served
3245,Escape from Alcatraz
3246,Brown Sugar
3247,A Thin Line Between Love and Hate
3248,50/50
3249,Shutter
3250,That Awkward Moment
3251,Modern Problems
3252,Kicks
3253,Much Ado About Nothing
3254,On Her Majesty's Secret Service
3255,New Nightmare
3256,Drive Me Crazy
3257,Akeelah and the Bee
3258,Half Baked
3259,New in Town
3260,American Psycho
3261,The Good Girl
3262,Bon Cop Bad Cop
3263,The Boondock Saints II: All Saints Day
3264,The City of Your Final Destination
3265,Enough Said
3266,Easy A
3267,The Inkwell
3268,Shadow of the Vampire
3269,Prom
3270,The Pallbearer
3271,Held Up
3272,Woman on Top
3273,Howards End
3274,Anomalisa
3275,Another Year
3276,8 Women
3277,Showdown in Little Tokyo
3278,Clay Pigeons
3279,It's Kind of a Funny Story
3280,Made in Dagenham
3281,When Did You Last See Your Father?
3282,Prefontaine
3283,The Wicked Lady
3284,The Secret of Kells
3285,Begin Again
3286,Down in the Valley
3287,Brooklyn Rules
3288,Restless
3289,The Singing Detective
3290,The Land Girls
3291,Fido
3292,The Wendell Baker Story
3293,Wild Target
3294,Pathology
3295,Wuthering Heights
3296,10th & Wolf
3297,Dear Wendy
3298,Aloft
3299,Akira
3300,The Death and Life of Bobby Z
3301,The Rocket: The Legend of Rocket Richard
3302,Swelter
3303,My Lucky Star
3304,Imagine Me & You
3305,Mr. Church
3306,Swimming Pool
3307,Green Street Hooligans: Underground
3308,The Blood of Heroes
3309,Code of Honor
3310,Driving Miss Daisy
3311,Soul Food
3312,Rumble in the Bronx
3313,Far from Men
3314,Thank You for Smoking
3315,Hostel: Part II
3316,An Education
3317,Shopgirl
3318,The Hotel New Hampshire
3319,Narc
3320,Men with Brooms
3321,Witless Protection
3322,The Work and the Glory
3323,Extract
3324,Masked and Anonymous
3325,Betty Fisher and Other Stories
3326,Code 46
3327,Outside Bet
3328,Albert Nobbs
3329,Black November
3330,Ta Ra Rum Pum
3331,Persepolis
3332,The Hole
3333,The Wave
3334,The Neon Demon
3335,Harry Brown
3336,The Omega Code
3337,Juno
3338,Pound of Flesh
3339,Diamonds Are Forever
3340,The Godfather
3341,Flashdance
3342,(500) Days of Summer
3343,The Piano
3344,Magic Mike
3345,Darkness Falls
3346,Live and Let Die
3347,My Dog Skip
3348,"Definitely, Maybe"
3349,Jumping the Broom
3350,"Good Night, and Good Luck."
3351,Capote
3352,Desperado
3353,Logan's Run
3354,The Man with the Golden Gun
3355,Action Jackson
3356,The Descent
3357,Michael Jordan to the Max
3358,Devil's Due
3359,Flirting with Disaster
3360,The Devil's Rejects
3361,Dope
3362,In Too Deep
3363,House of 1000 Corpses
3364,Alien Zone
3365,A Serious Man
3366,Get Low
3367,Warlock
3368,Beyond the Lights
3369,A Single Man
3370,The Last Temptation of Christ
3371,Outside Providence
3372,Bride & Prejudice
3373,Rabbit-Proof Fence
3374,Who's Your Caddy?
3375,Split Second
3376,The Other Side of Heaven
3377,Veer-Zaara
3378,Redbelt
3379,Cyrus
3380,A Dog Of Flanders
3381,Auto Focus
3382,Factory Girl
3383,We Need to Talk About Kevin
3384,The Christmas Candle
3385,The Mighty Macs
3386,Losin' It
3387,Mother and Child
3388,March or Die
3389,The Visitors
3390,Somewhere
3391,I Hope They Serve Beer in Hell
3392,Chairman of the Board
3393,Hesher
3394,Dom Hemingway
3395,Gerry
3396,The Heart of Me
3397,Freeheld
3398,The Extra Man
3399,Hard to Be a God
3400,Ca$h
3401,Wah-Wah
3402,The Boondock Saints
3403,Z Storm
3404,Twixt
3405,The Snow Queen
3406,Alpha and Omega: The Legend of the Saw Tooth Cave
3407,Pale Rider
3408,Stargate: The Ark of Truth
3409,Dazed and Confused
3410,High School Musical 2
3411,Two Lovers and a Bear
3412,Criminal Activities
3413,Aimee & Jaguar
3414,The Chumscrubber
3415,Shade
3416,House at the End of the Street
3417,Incendies
3418,"Remember Me, My Love"
3419,Perrier’s Bounty
3420,Elite Squad
3421,Annabelle
3422,Bran Nue Dae
3423,Boyz n the Hood
3424,La Bamba
3425,The Four Seasons
3426,Dressed to Kill
3427,The Adventures of Huck Finn
3428,Go
3429,Friends with Money
3430,The Andromeda Strain
3431,Bats
3432,Nowhere in Africa
3433,Shame
3434,Layer Cake
3435,The Work and the Glory II: American Zion
3436,The East
3437,A Home at the End of the World
3438,Aberdeen
3439,The Messenger
3440,Tracker
3441,Control
3442,The Terminator
3443,"Good bye, Lenin!"
3444,The Damned United
3445,The Return of the Living Dead
3446,Mallrats
3447,Grease
3448,Platoon
3449,Fahrenheit 9/11
3450,Butch Cassidy and the Sundance Kid
3451,Mary Poppins
3452,Ordinary People
3453,West Side Story
3454,Caddyshack
3455,The Brothers
3456,The Wood
3457,The Usual Suspects
3458,A Nightmare on Elm Street 5: The Dream Child
3459,National Lampoon’s Van Wilder
3460,The Wrestler
3461,Duel in the Sun
3462,Best in Show
3463,Escape from New York
3464,School Daze
3465,Daddy Day Camp
3466,Mr. Nice Guy
3467,A Mighty Wind
3468,Mystic Pizza
3469,Sliding Doors
3470,Tales from the Hood
3471,The Last King of Scotland
3472,Halloween 5: The Revenge of Michael Myers
3473,Bernie
3474,Dolphins and Whales: Tribes of the Ocean
3475,Pollock
3476,200 Cigarettes
3477,The Words
3478,Casa De Mi Padre
3479,City Island
3480,The Guard
3481,College
3482,The Virgin Suicides
3483,Little Voice
3484,Miss March
3485,Wish I Was Here
3486,Simply Irresistible
3487,Hedwig and the Angry Inch
3488,Only the Strong
3489,Goddess of Love
3490,Shattered Glass
3491,Novocaine
3492,The Business of Strangers
3493,The Wild Bunch
3494,The Wackness
3495,The First Great Train Robbery
3496,Morvern Callar
3497,Beastmaster 2: Through the Portal of Time
3498,The 5th Quarter
3499,The Flower of Evil
3500,The Greatest
3501,Snow Flower and the Secret Fan
3502,Come Early Morning
3503,Lucky Break
3504,Julia
3505,"Surfer, Dude"
3506,Lake of Fire
3507,11:14
3508,Men of War
3509,Don McKay
3510,Deadfall
3511,A Shine of Rainbows
3512,The Hit List
3513,Emma
3514,Videodrome
3515,The Spanish Apartment
3516,Song One
3517,Winter in Wartime
3518,Freaky Deaky
3519,The Train
3520,Trade Of Innocents
3521,The Protector
3522,Stiff Upper Lips
3523,Bend It Like Beckham
3524,Sunshine State
3525,Crossover
3526,Khiladi 786
3527,[REC]²
3528,Standing Ovation
3529,The Sting
3530,Chariots of Fire
3531,Diary of a Mad Black Woman
3532,Shine
3533,Don Jon
3534,High Plains Drifter
3535,Ghost World
3536,Iris
3537,Galaxina
3538,The Chorus
3539,Mambo Italiano
3540,Wonderland
3541,Do the Right Thing
3542,Harvard Man
3543,Le Havre
3544,Irreversible
3545,R100
3546,Rang De Basanti
3547,Animals
3548,Salvation Boulevard
3549,The Ten
3550,A Room for Romeo Brass
3551,Headhunters
3552,Grabbers
3553,Saint Ralph
3554,Miss Julie
3555,Somewhere in Time
3556,Dum Maaro Dum
3557,Insidious: Chapter 2
3558,Saw II
3559,10 Cloverfield Lane
3560,Jackass: The Movie
3561,Lights Out
3562,Paranormal Activity 3
3563,Ouija
3564,A Nightmare on Elm Street 3: Dream Warriors
3565,Instructions Not Included
3566,Paranormal Activity 4
3567,The Robe
3568,The Return of the Pink Panther
3569,Freddy's Dead: The Final Nightmare
3570,Monster
3571,"20,000 Leagues Under the Sea"
3572,Paranormal Activity: The Marked Ones
3573,The Elephant Man
3574,Dallas Buyers Club
3575,The Lazarus Effect
3576,Memento
3577,Oculus
3578,Clerks II
3579,Billy Elliot
3580,The Way Way Back
3581,House Party 2
3582,The Man from Snowy River
3583,Doug's 1st Movie
3584,The Apostle
3585,Mommie Dearest
3586,Our Idiot Brother
3587,Race
3588,The Players Club
3589,"As Above, So Below"
3590,Addicted
3591,Eve's Bayou
3592,Still Alice
3593,The Egyptian
3594,Nighthawks
3595,Friday the 13th Part VIII: Jason Takes Manhattan
3596,My Big Fat Greek Wedding
3597,Spring Breakers
3598,Halloween: The Curse of Michael Myers
3599,Y Tu Mamá También
3600,Shaun of the Dead
3601,The Haunting of Molly Hartley
3602,Lone Star
3603,Halloween 4: The Return of Michael Myers
3604,April Fool's Day
3605,Diner
3606,Lone Wolf McQuade
3607,Apollo 18
3608,Sunshine Cleaning
3609,No Escape
3610,The Beastmaster
3611,Solomon and Sheba
3612,Fifty Shades of Black
3613,Not Easily Broken
3614,A Farewell to Arms
3615,The Perfect Match
3616,Digimon: The Movie
3617,Saved!
3618,The Barbarian Invasions
3619,Robin and Marian
3620,The Forsaken
3621,Force 10 from Navarone
3622,UHF
3623,Grandma's Boy
3624,Slums of Beverly Hills
3625,Once Upon a Time in the West
3626,Made
3627,Moon
3628,Keeping Up with the Steins
3629,Sea Rex 3D: Journey to a Prehistoric World
3630,The Sweet Hereafter
3631,Of Gods and Men
3632,Bottle Shock
3633,Jekyll and Hyde ... Together Again
3634,Heavenly Creatures
3635,90 Minutes in Heaven
3636,Everything Must Go
3637,Zero Effect
3638,The Machinist
3639,Light Sleeper
3640,Kill the Messenger
3641,Rabbit Hole
3642,Party Monster
3643,Green Room
3644,The Oh in Ohio
3645,Atlas Shrugged Part III: Who is John Galt?
3646,Bottle Rocket
3647,Albino Alligator
3648,"Gandhi, My Father"
3649,Standard Operating Procedure
3650,Out of the Blue
3651,Out of the Blue
3652,Tucker and Dale vs Evil
3653,"Lovely, Still"
3654,Tycoon
3655,Desert Blue
3656,Decoys
3657,The Visit
3658,Redacted
3659,Fascination
3660,Area 51
3661,Sleep Tight
3662,The Cottage
3663,Dead Like Me: Life After Death
3664,Farce of the Penguins
3665,Flying By
3666,Rudderless
3667,Henry & Me
3668,Christmas Eve
3669,We Have Your Husband
3670,Dying of the Light
3671,Born Of War
3672,Capricorn One
3673,Should've Been Romeo
3674,Running Forever
3675,Yoga Hosers
3676,Navy Seals vs. Zombies
3677,I Served the King of England
3678,Soul Kitchen
3679,Sling Blade
3680,The Awakening
3681,Hostel
3682,A Cock and Bull Story
3683,Take Shelter
3684,Lady in White
3685,Driving Lessons
3686,Let's Kill Ward's Wife
3687,The Texas Chainsaw Massacre 2
3688,Pat Garrett & Billy the Kid
3689,Only God Forgives
3690,Camping Sauvage
3691,Without Men
3692,Dear Frankie
3693,All Hat
3694,The Names of Love
3695,Treading Water
3696,Savage Grace
3697,Out of the Blue
3698,Out of the Blue
3699,Police Academy
3700,The Blue Lagoon
3701,Four Weddings and a Funeral
3702,Fast Times at Ridgemont High
3703,Moby Dick
3704,25th Hour
3705,Bound
3706,Requiem for a Dream
3707,State Fair
3708,Tango
3709,Salvador
3710,Moms' Night Out
3711,Donnie Darko
3712,Saving Private Perez
3713,Character
3714,Spun
3715,Life During Wartime
3716,Sympathy for Lady Vengeance
3717,Mozart's Sister
3718,Mean Machine
3719,Exiled
3720,Blackthorn
3721,Lilya 4-ever
3722,After.Life
3723,Fugly
3724,One Flew Over the Cuckoo's Nest
3725,R.L. Stine's Monsterville: The Cabinet of Souls
3726,Silent Movie
3727,Airlift
3728,Anne of Green Gables
3729,Falcon Rising
3730,The Sweeney
3731,Sexy Beast
3732,Easy Money
3733,Whale Rider
3734,Paa
3735,Cargo
3736,High School Musical
3737,Love and Death on Long Island
3738,Night Watch
3739,The Crying Game
3740,Porky's
3741,Survival of the Dead
3742,Night of the Living Dead
3743,Lost in Translation
3744,Annie Hall
3745,The Greatest Show on Earth
3746,Monster's Ball
3747,Maggie
3748,Leaving Las Vegas
3749,Hansel and Gretel Get Baked
3750,The Front Page
3751,The Boy Next Door
3752,Trapeze
3753,The Kids Are All Right
3754,They Live
3755,The Great Escape
3756,What the #$*! Do We (K)now!?
3757,The Last Exorcism Part II
3758,Boyhood
3759,Scoop
3760,The Wash
3761,3 Strikes
3762,The Cooler
3763,The Misfits
3764,The Night Listener
3765,The Jerky Boys
3766,The Orphanage
3767,A Haunted House 2
3768,The Rules of Attraction
3769,Topaz
3770,Let's Go to Prison
3771,Four Rooms
3772,Secretary
3773,The Real Cancun
3774,Talk Radio
3775,Waiting for Guffman
3776,Love Stinks
3777,You Kill Me
3778,Thumbsucker
3779,Red State
3780,Mirrormask
3781,Samsara
3782,The Barbarians
3783,The Art of Getting By
3784,Zipper
3785,Poolhall Junkies
3786,The Loss of Sexual Innocence
3787,Holy Motors
3788,Joe
3789,Shooting Fish
3790,Prison
3791,Psycho Beach Party
3792,The Big Tease
3793,"Guten Tag, Ramón"
3794,Trust
3795,An Everlasting Piece
3796,Among Giants
3797,Adore
3798,The Velocity of Gary
3799,Mondays in the Sun
3800,Stake Land
3801,The Last Time I Committed Suicide
3802,Futuro Beach
3803,Another Happy Day
3804,A Lonely Place to Die
3805,Nothing
3806,The Geographer Drank His Globe Away
3807,1776
3808,Inescapable
3809,Hell's Angels
3810,Purple Violets
3811,The Veil
3812,The Loved Ones
3813,The Helpers
3814,How to Fall in Love
3815,The Perfect Wave
3816,A Man for All Seasons
3817,Network
3818,Gone with the Wind
3819,Desert Dancer
3820,Major Dundee
3821,Annie Get Your Gun
3822,Four Lions
3823,The House of Sand
3824,Defendor
3825,The Pirate
3826,The Good Heart
3827,The History Boys
3828,Midnight Cowboy
3829,The Full Monty
3830,Airplane!
3831,Chain of Command
3832,Friday
3833,Menace II Society
3834,Creepshow 2
3835,The Ballad of Cable Hogue
3836,In Cold Blood
3837,The Nun's Story
3838,Harper
3839,Frenzy
3840,The Witch
3841,I Got the Hook Up
3842,She's the One
3843,Gods and Monsters
3844,The Secret in Their Eyes
3845,Train
3846,Evil Dead II
3847,Pootie Tang
3848,Sharknado
3849,The Other Conquest
3850,Troll Hunter
3851,Ira & Abby
3852,Winter Passing
3853,D.E.B.S.
3854,The Masked Saint
3855,The Betrayed
3856,Taxman
3857,The Secret
3858,2:13
3859,"Batman: The Dark Knight Returns, Part 2"
3860,Time to Choose
3861,In the Name of the King III
3862,Wicked Blood
3863,Stranded
3864,Lords of London
3865,High Anxiety
3866,March of the Penguins
3867,Margin Call
3868,August
3869,Choke
3870,Whiplash
3871,City of God
3872,Human Traffic
3873,To Write Love on Her Arms
3874,The Dead Girl
3875,The Hunt
3876,A Christmas Story
3877,Bella
3878,Class of 1984
3879,The Opposite Sex
3880,Dreaming of Joseph Lees
3881,The Class
3882,Rosemary's Baby
3883,The Man Who Shot Liberty Valance
3884,Adam
3885,Maria Full of Grace
3886,Beginners
3887,Feast
3888,Animal House
3889,Goldfinger
3890,Antiviral
3891,It's a Wonderful Life
3892,Trainspotting
3893,The Original Kings of Comedy
3894,Paranormal Activity 2
3895,Waking Ned
3896,Bowling for Columbine
3897,Coming Home
3898,A Nightmare on Elm Street Part 2: Freddy's Revenge
3899,A Room with a View
3900,The Purge
3901,Sinister
3902,Martin Lawrence Live: Runteldat
3903,Cat on a Hot Tin Roof
3904,Beneath the Planet of the Apes
3905,Air Bud
3906,Pokémon: Spell of the Unknown
3907,Friday the 13th Part VI: Jason Lives
3908,The Bridge on the River Kwai
3909,Spaced Invaders
3910,Family Plot
3911,The Apartment
3912,Jason Goes to Hell: The Final Friday
3913,Torn Curtain
3914,Dave Chappelle's Block Party
3915,Slow West
3916,Krush Groove
3917,Next Day Air
3918,Elmer Gantry
3919,Judgment at Nuremberg
3920,Trippin'
3921,Red River
3922,Phat Girlz
3923,Before Midnight
3924,Teen Wolf Too
3925,Phantasm II
3926,Woman Thou Art Loosed
3927,Real Women Have Curves
3928,Water
3929,East Is East
3930,Whipped
3931,Kama Sutra - A Tale of Love
3932,Please Give
3933,Willy Wonka & the Chocolate Factory
3934,Warlock: The Armageddon
3935,8 Heads in a Duffel Bag
3936,Days of Heaven
3937,Thirteen Conversations About One Thing
3938,Jawbreaker
3939,Basquiat
3940,Frances Ha
3941,Tsotsi
3942,Happiness
3943,DysFunktional Family
3944,Tusk
3945,Oldboy
3946,Letters to God
3947,Hobo with a Shotgun
3948,Compadres
3949,Freeway
3950,Love's Abiding Joy
3951,Fish Tank
3952,Damsels in Distress
3953,Creature
3954,Bachelorette
3955,Brave New Girl
3956,Tim and Eric's Billion Dollar Movie
3957,Summer Storm
3958,Fort McCoy
3959,Chain Letter
3960,Just Looking
3961,The Divide
3962,The Eclipse
3963,Demonic
3964,My Big Fat Independent Movie
3965,The Deported
3966,Tanner Hall
3967,Open Road
3968,They Came Together
3969,30 Nights of Paranormal Activity With the Devil Inside the Girl With the Dragon Tattoo
3970,Never Back Down 2: The Beatdown
3971,Point Blank
3972,Four Single Fathers
3973,Enter the Dangerous Mind
3974,Something Wicked
3975,AWOL-72
3976,Iguana
3977,Chicago Overcoat
3978,Barry Munday
3979,Central Station
3980,Pocketful of Miracles
3981,Close Range
3982,Boynton Beach Club
3983,Amnesiac
3984,Freakonomics
3985,High Tension
3986,Griff the Invisible
3987,Unnatural
3988,Hustle & Flow
3989,Some Like It Hot
3990,Friday the 13th Part VII: The New Blood
3991,The Wizard of Oz
3992,Young Frankenstein
3993,Diary of the Dead
3994,Lage Raho Munna Bhai
3995,Ulee's Gold
3996,The Black Stallion
3997,Sardaarji
3998,Journey to Saturn
3999,Donovan's Reef
4000,The Dress
4001,A Guy Named Joe
4002,Blazing Saddles
4003,Friday the 13th: The Final Chapter
4004,Ida
4005,Maurice
4006,Beer League
4007,Riding Giants
4008,Timecrimes
4009,Silver Medalist
4010,Timber Falls
4011,Singin' in the Rain
4012,"Fat, Sick & Nearly Dead"
4013,A Haunted House
4014,2016: Obama's America
4015,That Thing You Do!
4016,Halloween III: Season of the Witch
4017,Escape from the Planet of the Apes
4018,Hud
4019,Kevin Hart: Let Me Explain
4020,My Own Private Idaho
4021,Garden State
4022,Before Sunrise
4023,Evil Words
4024,Jesus' Son
4025,Saving Face
4026,Brick Lane
4027,Robot & Frank
4028,My Life Without Me
4029,The Spectacular Now
4030,Religulous
4031,Fuel
4032,Valley of the Heart's Delight
4033,Eye of the Dolphin
4034,8: The Mormon Proposition
4035,The Other End of the Line
4036,Anatomy
4037,Sleep Dealer
4038,Super
4039,Christmas Mail
4040,Stung
4041,Antibirth
4042,Get on the Bus
4043,Thr3e
4044,Idiocracy
4045,The Rise of the Krays
4046,This Is England
4047,U.F.O.
4048,Bathing Beauty
4049,Go for It!
4050,"Dancer, Texas Pop. 81"
4051,Show Boat
4052,Redemption Road
4053,The Calling
4054,The Brave Little Toaster
4055,Fantasia
4056,8 Days
4057,Friday the 13th Part III
4058,Friday the 13th: A New Beginning
4059,The Last Sin Eater
4060,Do You Believe?
4061,Impact Point
4062,The Valley of Decision
4063,Eden
4064,Chicken Tikka Masala
4065,There's Always Woodstock
4066,Jack Brooks: Monster Slayer
4067,The Best Years of Our Lives
4068,Bully
4069,Elling
4070,Mi America
4071,[REC]
4072,Lies in Plain Sight
4073,Sharkskin
4074,Containment
4075,The Timber
4076,From Russia with Love
4077,The Toxic Avenger Part II
4078,Sleeper
4079,It Follows
4080,Everything You Always Wanted to Know About Sex *But Were Afraid to Ask
4081,To Kill a Mockingbird
4082,Mad Max 2: The Road Warrior
4083,The Legend of Drunken Master
4084,Boys Don't Cry
4085,Silent House
4086,The Lives of Others
4087,Courageous
4088,The Hustler
4089,Boom Town
4090,The Triplets of Belleville
4091,Smoke Signals
4092,American Splendor
4093,Before Sunset
4094,Amores perros
4095,Thirteen
4096,Gentleman's Agreement
4097,Winter's Bone
4098,Touching the Void
4099,Alexander's Ragtime Band
4100,Me and You and Everyone We Know
4101,Inside Job
4102,We Are Your Friends
4103,Ghost Dog: The Way of the Samurai
4104,Harsh Times
4105,Captive
4106,Full Frontal
4107,Witchboard
4108,Shortbus
4109,Waltz with Bashir
4110,"The Book of Mormon Movie, Volume 1: The Journey"
4111,No End in Sight
4112,The Diary of a Teenage Girl
4113,In the Shadow of the Moon
4114,Meek's Cutoff
4115,Inside Deep Throat
4116,Dinner Rush
4117,Clockwatchers
4118,The Virginity Hit
4119,Subway
4120,House of D
4121,Teeth
4122,Six-String Samurai
4123,Hum To Mohabbat Karega
4124,It's All Gone Pete Tong
4125,Saint John of Las Vegas
4126,24 7: Twenty Four Seven
4127,Stonewall
4128,Roadside Romeo
4129,This Thing of Ours
4130,The Lost Medallion: The Adventures of Billy Stone
4131,The Last Five Years
4132,The Missing Person
4133,Return of the Living Dead 3
4134,London
4135,Sherrybaby
4136,Circle
4137,Eden Lake
4138,Plush
4139,Lesbian Vampire Killers
4140,Gangster's Paradise: Jerusalema
4141,Freeze Frame
4142,Grave Encounters
4143,Stitches
4144,Nine Dead
4146,Bananas
4147,Supercapitalist
4148,Rockaway
4149,The Lady from Shanghai
4150,No Man's Land: The Rise of Reeker
4151,Highway
4152,Small Apartments
4153,Coffee Town
4154,The Ghastly Love of Johnny X
4155,All Is Bright
4156,The Torture Chamber of Dr. Sadism
4157,Straight A's
4158,A Funny Thing Happened on the Way to the Forum
4159,Slacker Uprising
4160,The Legend of Hell's Gate: An American Conspiracy
4161,The Walking Deceased
4162,The Curse of Downers Grove
4163,Shark Lake
4164,River's Edge
4165,Northfork
4166,The Marine 4: Moving Target
4167,Buried
4168,Submarine
4169,The Square
4170,One to Another
4171,ABCD (Any Body Can Dance)
4172,Man on Wire
4173,Abandoned
4174,Brotherly Love
4175,The Last Exorcism
4176,Nowhere Boy
4177,A Streetcar Named Desire
4178,Dr. Strangelove or: How I Learned to Stop Worrying and Love the Bomb
4179,The Crime of Padre Amaro
4180,Beasts of the Southern Wild
4181,Battle for the Planet of the Apes
4182,Songcatcher
4183,Higher Ground
4184,Vaalu
4185,The Greatest Movie Ever Sold
4186,Ed and His Dead Mother
4187,Travellers and Magicians
4188,Hang 'em High
4189,Deadline - U.S.A.
4190,Sublime
4191,A Beginner's Guide to Snuff
4192,Independence Daysaster
4193,Dysfunctional Friends
4194,Run Lola Run
4195,May
4196,Against the Wild
4197,Under the Same Moon
4198,Conquest of the Planet of the Apes
4199,In the Bedroom
4200,I Spit on Your Grave
4201,"Happy, Texas"
4202,My Summer of Love
4203,The Lunchbox
4204,Yes
4205,You Can't Take It With You
4206,From Here to Eternity
4207,She Wore a Yellow Ribbon
4208,Grace Unplugged
4209,Foolish
4210,N-Secure
4211,Caramel
4212,Out of the Dark
4213,The Bubble
4214,The Conversation
4215,Dil Jo Bhi Kahey...
4216,Mississippi Mermaid
4217,I Love Your Work
4218,Cabin Fever
4219,Waitress
4220,Bloodsport
4221,Mr. Smith Goes to Washington
4222,Kids
4223,The Squid and the Whale
4224,Kissing Jessica Stein
4225,Kickboxer: Vengeance
4226,Spellbound
4227,Exotica
4228,Buffalo '66
4229,Insidious
4230,Repo Man
4231,Nine Queens
4232,The Gatekeepers
4233,The Ballad of Jack and Rose
4234,The To Do List
4235,Killing Zoe
4236,The Believer
4237,Snow Angels
4238,Unsullied
4239,Session 9
4240,I Want Someone to Eat Cheese With
4241,Mooz-lum
4242,Hatchet
4243,Modern Times
4244,Stolen Summer
4245,My Name Is Bruce
4246,The Salon
4247,Road Hard
4248,Forty Shades of Blue
4249,Amigo
4250,Pontypool
4251,Trucker
4252,Me You and Five Bucks
4253,The Lords of Salem
4254,Housebound
4255,Wal-Mart: The High Cost of Low Price
4256,Fetching Cody
4257,Last I Heard
4258,Closer to the Moon
4259,Mutant World
4260,Growing Up Smith
4261,Checkmate
4262,#Horror
4263,Wind Walkers
4264,Snow White and the Seven Dwarfs
4265,The Holy Girl
4266,Shalako
4267,Incident at Loch Ness
4268,The Dog Lover
4269,GirlHouse
4270,The Blue Room
4271,House at the End of the Drive
4272,Batman
4273,Batman
4274,"Lock, Stock and Two Smoking Barrels"
4275,The Ballad of Gregorio Cortez
4276,The Celebration
4277,Trees Lounge
4278,Journey from the Fall
4279,The Basket
4280,Eddie: The Sleepwalking Cannibal
4281,Queen of the Mountains
4282,Def-Con 4
4283,The Hebrew Hammer
4284,Neal 'n' Nikki
4285,The 41–Year–Old Virgin Who Knocked Up Sarah Marshall and Felt Superbad About It
4286,Forget Me Not
4287,Rebecca
4288,Friday the 13th Part 2
4289,The Lost Weekend
4290,C.H.U.D.
4291,Filly Brown
4292,The Lion of Judah
4293,Niagara
4294,How Green Was My Valley
4295,Da Sweet Blood of Jesus
4296,"Sex, Lies, and Videotape"
4297,Saw
4298,Super Troopers
4299,The Algerian
4300,The Amazing Catfish
4301,Monsoon Wedding
4302,You Can Count on Me
4303,The Trouble with Harry
4304,But I'm a Cheerleader
4305,Home Run
4306,Reservoir Dogs
4307,The Blue Bird
4308,"The Good, the Bad and the Ugly"
4309,The Second Mother
4310,Blue Like Jazz
4311,Down & Out With The Dolls
4312,"Pink Ribbons, Inc."
4313,Certifiably Jonathan
4314,Desire
4315,The Blade of Don Juan
4316,Grand Theft Parsons
4317,Extreme Movie
4318,The Charge of the Light Brigade
4319,Below Zero
4320,Crowsnest
4321,Airborne
4322,Cotton Comes to Harlem
4323,The Wicked Within
4324,Bleeding Hearts
4325,Waiting...
4326,Dead Man's Shoes
4327,From a Whisper to a Scream
4328,Sex With Strangers
4329,Dracula: Pages from a Virgin's Diary
4330,Faith Like Potatoes
4331,Beyond the Black Rainbow
4332,The Raid
4333,The Dead Undead
4334,The Vatican Exorcisms
4335,Casablanca
4336,Lake Mungo
4337,Rocket Singh: Salesman of the Year
4338,Silent Running
4339,Rocky
4340,The Sleepwalker
4341,Tom Jones
4342,Unfriended
4343,Taxi Driver
4344,The Howling
4345,Dr. No
4346,Chernobyl Diaries
4347,Hellraiser
4348,God's Not Dead 2
4349,Cry_Wolf
4350,Godzilla 2000
4351,Blue Valentine
4352,Transamerica
4353,The Devil Inside
4354,Beyond the Valley of the Dolls
4355,Love Me Tender
4356,An Inconvenient Truth
4357,Sands of Iwo Jima
4358,Shine a Light
4359,The Green Inferno
4360,Departure
4361,The Sessions
4362,"Food, Inc."
4363,October Baby
4364,Next Stop Wonderland
4365,The Skeleton Twins
4366,Martha Marcy May Marlene
4367,Obvious Child
4368,Frozen River
4369,20 Feet from Stardom
4370,Two Girls and a Guy
4371,Walking and Talking
4372,Who Killed the Electric Car?
4373,The Broken Hearts Club: A Romantic Comedy
4374,Bubba Ho-tep
4375,Slam
4376,Brigham City
4377,Fiza
4378,Orgazmo
4379,All the Real Girls
4380,Dream with the Fishes
4381,Blue Car
4382,Palo Alto
4383,Ajami
4384,Wristcutters: A Love Story
4385,I Origins
4386,The Battle of Shaker Heights
4387,The Act of Killing
4388,Taxi to the Dark Side
4389,Once in a Lifetime: The Extraordinary Story of the New York Cosmos
4390,Guiana 1838
4391,Lisa Picard Is Famous
4392,Antarctica: A Year on Ice
4393,A LEGO Brickumentary
4394,Hardflip
4395,Chocolate: Deep Dark Secrets
4396,The House of the Devil
4397,The Perfect Host
4398,Safe Men
4399,Speedway Junky
4400,The Last Big Thing
4401,The Specials
4402,16 to Life
4403,Alone With Her
4404,Creative Control
4405,Special
4406,Sparkler
4407,The Helix... Loaded
4408,In Her Line of Fire
4409,The Jimmy Show
4410,Heli
4411,Karachi se Lahore
4412,Loving Annabelle
4413,Hits
4414,Jimmy and Judy
4415,Frat Party
4416,The Party's Over
4417,Proud
4418,The Poker House
4419,Childless
4420,ZMD: Zombies of Mass Destruction
4421,Snow White: A Deadly Summer
4422,Hidden Away
4423,My Last Day Without You
4424,Steppin: The Movie
4425,Doc Holliday's Revenge
4426,Black Rock
4427,Truth or Dare
4428,The Pet
4429,Bang Bang Baby
4430,Fear Clinic
4431,Zombie Hunter
4432,A Fine Step
4433,Charly
4434,Banshee Chapter
4435,Ask Me Anything
4436,And Then Came Love
4438,On the Waterfront
4439,L!fe Happens
4440,"4 Months, 3 Weeks and 2 Days"
4441,The Horror Network Vol. 1
4442,Hard Candy
4443,The Quiet
4444,Circumstance
4445,Fruitvale Station
4446,The Brass Teapot
4447,Bambi
4448,The Hammer
4449,Latter Days
4450,Elza
4451,1982
4452,"For a Good Time, Call..."
4453,Celeste & Jesse Forever
4454,Time Changer
4455,London to Brighton
4456,American Hero
4457,Windsor Drive
4458,A Separation
4459,Crying with Laughter
4460,Welcome to the Dollhouse
4461,Ruby in Paradise
4462,Raising Victor Vargas
4463,Pandora's Box
4464,Harrison Montgomery
4465,Live-In Maid
4466,Deterrence
4467,The Mudge Boy
4468,The Young Unknowns
4469,Not Cool
4470,Dead Snow
4471,Saints and Soldiers
4472,Vessel
4473,American Graffiti
4474,Iraq for Sale: The War Profiteers
4475,Aqua Teen Hunger Force Colon Movie Film for Theaters
4476,Safety Not Guaranteed
4477,Kevin Hart: Laugh at My Pain
4478,Kill List
4479,The Innkeepers
4480,The Conformist
4481,Interview with the Assassin
4482,Donkey Punch
4483,All the Boys Love Mandy Lane
4484,Bled
4485,High Noon
4486,Hoop Dreams
4487,Rize
4488,L.I.E.
4489,The Sisterhood of Night
4490,B-Girl
4491,Half Nelson
4492,Naturally Native
4493,Hav Plenty
4494,Adulterers
4495,Escape from Tomorrow
4496,Starsuckers
4497,The Hadza:  Last of the First
4498,After
4499,Treachery
4500,Walter
4501,Top Hat
4502,The Blair Witch Project
4503,Woodstock
4504,The Kentucky Fried Movie
4505,Mercy Streets
4506,Carousel of Revenge
4507,Broken Vessels
4508,Water & Power
4509,They Will Have to Kill Us First
4510,Light from the Darkroom
4511,The Country Doctor
4512,The Maid's Room
4513,A Hard Day's Night
4514,The Harvest (La Cosecha)
4515,Love Letters
4516,Juliet and Alfa Romeo
4517,Fireproof
4518,Faith Connections
4519,Benji
4520,Open Water
4521,High Road
4522,Kingdom of the Spiders
4523,Mad Hot Ballroom
4524,The Station Agent
4525,To Save A Life
4526,Wordplay
4527,Beyond the Mat
4528,The Singles Ward
4529,Osama
4530,Sholem Aleichem: Laughing In The Darkness
4531,Groove
4532,The R.M.
4533,Twin Falls Idaho
4534,Mean Creek
4535,Hurricane Streets
4536,Never Again
4537,Civil Brand
4538,Lonesome Jim
4539,Drinking Buddies
4540,Deceptive Practice: The Mysteries and Mentors of Ricky Jay
4541,Seven Samurai
4542,The Other Dream Team
4543,Johnny Suede
4544,Finishing The Game
4545,Rubber
4546,Kiss the Bride
4547,The Slaughter Rule
4548,Monsters
4549,The Californians
4550,The Living Wake
4551,Detention of the Dead
4552,Crazy Stone
4553,Scott Walker: 30 Century Man
4554,Everything Put Together
4555,Good Kill
4556,The Outrageous Sophie Tucker
4557,Now Is Good
4558,Girls Gone Dead
4560,Subconscious
4561,Enter Nowhere
4562,El Rey de Najayo
4563,Fight to the Finish
4564,Alleluia! The Devil's Carnival
4565,The Sound and the Shadow
4566,Rodeo Girl
4567,Born to Fly: Elizabeth Streb vs. Gravity
4568,The Little Ponderosa Zoo
4569,The Toxic Avenger
4570,Straight Out of Brooklyn
4571,Bloody Sunday
4572,Diamond Ruff
4573,Conversations with Other Women
4574,Poultrygeist: Night of the Chicken Dead
4575,Mutual Friends
4576,42nd Street
4577,Rise of the Entrepreneur: The Search for a Better Way
4578,Metropolitan
4579,As It Is in Heaven
4580,Roadside
4581,Napoleon Dynamite
4582,Blue Ruin
4583,Paranormal Activity
4584,Dogtown and Z-Boys
4585,Monty Python and the Holy Grail
4586,Quinceañera
4587,Gory Gory Hallelujah
4588,Tarnation
4589,I Want Your Money
4590,Love in the Time of Monsters
4591,The Beyond
4592,What Happens in Vegas
4593,The Dark Hours
4594,My Beautiful Laundrette
4595,Fabled
4596,Show Me
4597,Cries and Whispers
4598,Intolerance
4599,Trekkies
4600,The Broadway Melody
4601,The Evil Dead
4602,Maniac
4603,Censored Voices
4604,Murderball
4605,American Ninja 2: The Confrontation
4606,51 Birch Street
4607,Rotor DR1
4608,12 Angry Men
4609,My Dog Tulip
4610,It Happened One Night
4611,Dogtooth
4612,Tupac: Resurrection
4613,Tumbleweeds
4614,The Prophecy
4615,When the Cat's Away
4616,Pieces of April
4617,The Big Swap
4618,Old Joy
4619,Wendy and Lucy
4620,3 Backyards
4621,Pierrot le Fou
4622,Sisters in Law
4623,Ayurveda: Art of Being
4624,Nothing But a Man
4625,"First Love, Last Rites"
4626,Fighting Tommy Riley
4627,Royal Kill
4628,The Looking Glass
4629,Death Race 2000
4630,Locker 13
4631,Midnight Cabaret
4632,Anderson's Cross
4633,Bizarre
4634,Graduation Day
4635,Some Guy Who Kills People
4636,Compliance
4637,Chasing Amy
4638,Lovely & Amazing
4639,Death Calls
4640,Better Luck Tomorrow
4641,The Incredibly True Adventure of Two Girls In Love
4642,Chuck & Buck
4643,American Desi
4644,Amidst the Devil's Wings
4645,Cube
4646,Love and Other Catastrophes
4647,I Married a Strange Person!
4648,November
4649,Like Crazy
4650,Teeth and Blood
4651,Sugar Town
4652,The Motel
4653,The Canyons
4654,On the Outs
4655,Shotgun Stories
4656,Exam
4657,The Sticky Fingers of Time
4658,Sunday School Musical
4659,Rust
4660,Ink
4661,The Christmas Bunny
4662,Butterfly
4663,UnDivided
4664,The Frozen
4665,Horse Camp
4666,Give Me Shelter
4667,The Big Parade
4668,Little Big Top
4669,Along the Roadside
4670,Bronson
4671,Western Religion
4672,Burn
4673,Urbania
4674,The Stewardesses
4675,"The Beast from 20,000 Fathoms"
4676,Mad Max
4677,Swingers
4678,A Fistful of Dollars
4679,She Done Him Wrong
4680,Short Cut to Nirvana: Kumbh Mela
4681,The Grace Card
4682,Middle of Nowhere
4683,Three
4684,The Business of Fancydancing
4685,Call + Response
4686,Malevolence
4687,Reality Show
4688,Super Hybrid
4689,Baghead
4690,American Beast
4691,The Case of the Grinning Cat
4692,Ordet
4693,Good Dick
4694,The Man from Earth
4695,The Trials Of Darryl Hunt
4696,Samantha: An American Girl Holiday
4697,Yesterday Was a Lie
4698,Theresa Is a Mother
4699,H.
4700,Archaeology of a Woman
4701,Children of Heaven
4702,Weekend
4703,She's Gotta Have It
4704,Butterfly Girl
4705,The World Is Mine
4706,Another Earth
4707,Sweet Sweetback's Baadasssss Song
4708,Perfect Cowboy
4709,Tadpole
4710,Once
4711,The Woman Chaser
4712,The Horse Boy
4713,When the Lights Went Out
4714,Heroes of Dirt
4715,A Charlie Brown Christmas
4716,Antarctic Edge: 70° South
4717,Aroused
4718,Top Spin
4719,Roger & Me
4720,An American in Hollywood
4721,Sound of My Voice
4722,The Blood of My Brother: A Story of Death in Iraq
4723,Your Sister's Sister
4724,A Dog's Breakfast
4725,The Married Woman
4726,The Birth of a Nation
4727,The Work and The Story
4728,Facing the Giants
4729,The Gallows
4730,Eraserhead
4731,Hollywood Shuffle
4732,The Mighty
4733,Penitentiary
4734,The Lost Skeleton of Cadavra
4735,Dude Where's My Dog?
4736,Cheap Thrills
4737,Indie Game: The Movie
4738,Straightheads
4739,Open Secret
4740,Echo Dr.
4741,The Night Visitor
4742,The Past Is a Grotesque Animal
4743,"Peace, Propaganda & the Promised Land"
4744,Pi
4745,"I Love You, Don't Touch Me!"
4746,20 Dates
4747,Queen Crab
4748,Super Size Me
4749,The FP
4750,Happy Christmas
4751,The Brain That Wouldn't Die
4752,Tiger Orange
4753,Supporting Characters
4754,Absentia
4755,The Brothers McMullen
4756,The Dirties
4757,Gabriela
4758,Tiny Furniture
4759,Hayride
4760,The Naked Ape
4761,Counting
4762,The Call of Cthulhu
4763,Bending Steel
4764,The Signal
4765,The Image Revolution
4766,This Is Martin Bonner
4767,A True Story
4768,George Washington
4769,Smiling Fish & Goat On Fire
4770,Dawn of the Crescent Moon
4771,Raymond Did It
4772,The Last Waltz
4773,"Run, Hide, Die"
4774,The Exploding Girl
4775,The Legend of God's Gun
4776,Mutual Appreciation
4777,Her Cry: La Llorona Investigation
4778,Down Terrace
4779,Clerks
4780,Pink Narcissus
4781,Funny Ha Ha
4782,In the Company of Men
4783,Manito
4784,Rampage
4785,Slacker
4786,Dutch Kills
4787,Dry Spell
4788,Flywheel
4789,Backmask
4790,The Puffy Chair
4791,Stories of Our Lives
4792,Breaking Upwards
4793,All Superheroes Must Die
4794,Pink Flamingos
4795,Clean
4796,The Circle
4797,Tin Can Man
4798,Cure
4799,On The Downlow
4800,Sanctuary: Quite a Conundrum
4801,Bang
4802,Primer
4803,Cavite
4804,El Mariachi
4805,Newlyweds
4806,"Signed, Sealed, Delivered"
4807,Shanghai Calling
4808,My Date with Drew
